Departamento;Municipio;Solicitante;Solicitud;Estado Solicitud;Fecha Radicado;Latitud;Longitud;Direccion;Tipo Equipo;Estado Ubicacion
ATLANTICO;BARRANQUILLA;SECRETARIA DISTRITAL DE MOVILIDAD DE BARRANQUILLA;SOL0000000222;Aprobada;7/05/2018 0:00;10.985.675;-74.810.864;Calle 72 # 38-79;Radar doppler;Aprobada
ATLANTICO;PUERTO COLOMBIA;SECRETARIA MUNICIPAL DE TRANSITO Y TRANSPORTE DE PUERTO COLOMBIA;SOL0000000345;Aprobada;7/11/2018 0:00;10.993.316;-74.944.673;Via al mar - km 97+130;Radar doppler;Aprobada
ATLANTICO;BARRANQUILLA;SECRETARIA DISTRITAL DE MOVILIDAD DE BARRANQUILLA;SOL0000000232;Aprobada;06/29/2018 12:00:00 AM;1.101.113;-7.481.144;Calle 84 # 59-34;Radar doppler;Aprobada
META;VILLAVICENCIO;INSPECCION MUNICIPAL DE TRANSITO DE VILLAVICENCIO;SOL0000000321;Aprobada;07/16/2018 12:00:00 AM;41.159.416;-73.628.172;CALLE 1 CARRERA 32;Laser (Lidar) / Infrarrojo;Aprobada
ATLANTICO;BARRANQUILLA;SECRETARIA DISTRITAL DE MOVILIDAD DE BARRANQUILLA;SOL0000000203;Aprobada;06/29/2018 12:00:00 AM;1.098.087;-748.004;Calle 61 entre carreras 34 y 35;Radar doppler;Aprobada
ATLANTICO;BARRANQUILLA;SECRETARIA DISTRITAL DE MOVILIDAD DE BARRANQUILLA;SOL0000000255;Aprobada;7/06/2018 0:00;1.098.383;-747.775;Calle 34 con carrera 45;Video Detección (Con analítica de video);Aprobada
ATLANTICO;PUERTO COLOMBIA;SECRETARIA MUNICIPAL DE TRANSITO Y TRANSPORTE DE PUERTO COLOMBIA;SOL0000000342;Aprobada;7/11/2018 0:00;11.015.423;-74.867.812;Via al mar - km 106;Radar doppler;Aprobada
VALLE DEL CAUCA;CALI;SECRETARIA DE TRANSITO Y TRANSPORTE SANTIAGO DE CALI;SOL0000000361;Aprobada;07/25/2018 12:00:00 AM;34.093.953;-765.178.873;CARRERA 46 CON CALLE 36;Lazo Inductivo de piso (espiras);Aprobada
META;VILLAVICENCIO;INSPECCION MUNICIPAL DE TRANSITO DE VILLAVICENCIO;SOL0000000351;Aprobada;07/16/2018 12:00:00 AM;41.440.444;-736.042.916;CALLE 35 CARRERA 3;Laser (Lidar) / Infrarrojo;Aprobada
BOLIVAR;ARJONA;SECRETARIA MUNICIPAL DE TRANSPORTE Y TRANSITO DE ARJONA;SOL0000000367;Aprobada;07/18/2018 12:00:00 AM;10.248.456;-75.347.295;SIN DIRECCION;Radar doppler;Aprobada
VALLE DEL CAUCA;YUMBO;SECRETARIA DE TRANSITO Y TRANSPORTE DE YUMBO;SOL0000001363;Aprobada;12/17/2018 12:00:00 AM;352.985;-76.495.667;SIN DIRECCION;Radar doppler;Aprobada
ANTIOQUIA;MEDELLIN;SECRETARIA DE MOVILIDAD DE MEDELLIN;SOL0000000201;Aprobada;07/26/2018 12:00:00 AM;621.919;-75.599.256;Avenida 80 por Carrera 76;Lazo Inductivo de piso (espiras);Aprobada
ANTIOQUIA;MEDELLIN;SECRETARIA DE MOVILIDAD DE MEDELLIN;SOL0000000201;Aprobada;07/26/2018 12:00:00 AM;62.614;-755.564;Calle 67 por Carrera 45;Lazo Inductivo de piso (espiras);Aprobada
ANTIOQUIA;MEDELLIN;SECRETARIA DE MOVILIDAD DE MEDELLIN;SOL0000000201;Aprobada;07/26/2018 12:00:00 AM;62.412;-755.696;Carrera 46 por Calle 41;Laser (Lidar) / Infrarrojo;Aprobada
ANTIOQUIA;MEDELLIN;SECRETARIA DE MOVILIDAD DE MEDELLIN;SOL0000000201;Aprobada;07/26/2018 12:00:00 AM;62.384;-755.734;Calle 37 por Carrera 51;Lazo Inductivo de piso (espiras);Aprobada
ANTIOQUIA;MEDELLIN;SECRETARIA DE MOVILIDAD DE MEDELLIN;SOL0000000201;Aprobada;07/26/2018 12:00:00 AM;6.19;-755.826;Carrera 49 por Calle 17 A Sur;Lazo Inductivo de piso (espiras);Aprobada
ANTIOQUIA;MEDELLIN;SECRETARIA DE MOVILIDAD DE MEDELLIN;SOL0000000201;Aprobada;07/26/2018 12:00:00 AM;62.069;-755.861;Carrera 52 por Calle 2 Sur;Lazo Inductivo de piso (espiras);Aprobada
MAGDALENA;CIENAGA;INSTITUTO DE TRANSITO Y TRANSPORTE MUNICIPAL DE CIENAGA;SOL0000001121;Aprobada;12/06/2018 0:00;110.219.464;-742.095.139;RUTA 9007 KM 66 + 890;Radar doppler;Aprobada
ATLANTICO;PUERTO COLOMBIA;SECRETARIA MUNICIPAL DE TRANSITO Y TRANSPORTE DE PUERTO COLOMBIA;SOL0000000346;Aprobada;7/11/2018 0:00;10.990.537;-74.944.119;Via al mar - km 97;Radar doppler;Aprobada
META;VILLAVICENCIO;INSPECCION MUNICIPAL DE TRANSITO DE VILLAVICENCIO;SOL0000000355;Aprobada;07/17/2018 12:00:00 AM;41.393.667;-73.630.375;CARRERA 33 CALLE 24;Laser (Lidar) / Infrarrojo;Aprobada
META;VILLAVICENCIO;INSPECCION MUNICIPAL DE TRANSITO DE VILLAVICENCIO;SOL0000000350;Aprobada;07/17/2018 12:00:00 AM;41.443.306;-736.365.028;CARRERA 36 CALLE 33;Laser (Lidar) / Infrarrojo;Aprobada
ANTIOQUIA;MEDELLIN;SECRETARIA DE MOVILIDAD DE MEDELLIN;SOL0000000201;Aprobada;07/26/2018 12:00:00 AM;623.921;-7.557.325;Calle 38 por Carrera 52;Laser (Lidar) / Infrarrojo;Aprobada
ANTIOQUIA;MEDELLIN;SECRETARIA DE MOVILIDAD DE MEDELLIN;SOL0000000201;Aprobada;07/26/2018 12:00:00 AM;62.459;-75.573;Calle 44 por Carrera 53;Lazo Inductivo de piso (espiras);Aprobada
ANTIOQUIA;MEDELLIN;SECRETARIA DE MOVILIDAD DE MEDELLIN;SOL0000000201;Aprobada;07/26/2018 12:00:00 AM;62.311;-755.699;Carrera 43A por Calle 31;Lazo Inductivo de piso (espiras);Aprobada
ANTIOQUIA;MEDELLIN;SECRETARIA DE MOVILIDAD DE MEDELLIN;SOL0000000201;Aprobada;07/26/2018 12:00:00 AM;6.220.488;-75.576.676;Avenida Regional por Calle 18;Lazo Inductivo de piso (espiras);Aprobada
ANTIOQUIA;MEDELLIN;SECRETARIA DE MOVILIDAD DE MEDELLIN;SOL0000000201;Aprobada;07/26/2018 12:00:00 AM;620.218;-7.558.008;Autopista Sur por Calle 4 Sur;Laser (Lidar) / Infrarrojo;Aprobada
ANTIOQUIA;MEDELLIN;SECRETARIA DE MOVILIDAD DE MEDELLIN;SOL0000000201;Aprobada;07/26/2018 12:00:00 AM;6.213.157;-75.576.821;Calle 10 por Carrera 48;Lazo Inductivo de piso (espiras);Aprobada
ANTIOQUIA;MEDELLIN;SECRETARIA DE MOVILIDAD DE MEDELLIN;SOL0000000201;Aprobada;07/26/2018 12:00:00 AM;62.531;-755.623;Carrera 46 por Calle 57;Laser (Lidar) / Infrarrojo;Aprobada
ANTIOQUIA;MEDELLIN;SECRETARIA DE MOVILIDAD DE MEDELLIN;SOL0000000201;Aprobada;07/26/2018 12:00:00 AM;61.887;-75.583;Avenida Regional por Calle 17A Sur;Lazo Inductivo de piso (espiras);Aprobada
ANTIOQUIA;MEDELLIN;SECRETARIA DE MOVILIDAD DE MEDELLIN;SOL0000000201;Aprobada;07/26/2018 12:00:00 AM;62.224;-755.796;Avenida Guayabal por Calle 20;Laser (Lidar) / Infrarrojo;Aprobada
META;VILLAVICENCIO;INSPECCION MUNICIPAL DE TRANSITO DE VILLAVICENCIO;SOL0000000353;Aprobada;07/17/2018 12:00:00 AM;41.184.194;-736.208.528;CALLE 1 CARRERA 26A;Laser (Lidar) / Infrarrojo;Aprobada
ANTIOQUIA;MEDELLIN;SECRETARIA DE MOVILIDAD DE MEDELLIN;SOL0000000201;Aprobada;07/26/2018 12:00:00 AM;62.433;-756.025;Avenida 80 por Calle 35;Lazo Inductivo de piso (espiras);Aprobada
ANTIOQUIA;MEDELLIN;SECRETARIA DE MOVILIDAD DE MEDELLIN;SOL0000000201;Aprobada;07/26/2018 12:00:00 AM;61.965;-755.853;Avenida 80 por Calle 12 Sur;Lazo Inductivo de piso (espiras);Aprobada
ANTIOQUIA;MEDELLIN;SECRETARIA DE MOVILIDAD DE MEDELLIN;SOL0000000201;Aprobada;07/26/2018 12:00:00 AM;62.315;-755.873;Calle 30 por Carrera 66B;Lazo Inductivo de piso (espiras);Aprobada
ANTIOQUIA;MEDELLIN;SECRETARIA DE MOVILIDAD DE MEDELLIN;SOL0000000201;Aprobada;07/26/2018 12:00:00 AM;62.458;-75.573;Calle 44 por Carrera 53;Lazo Inductivo de piso (espiras);Aprobada
MAGDALENA;CIENAGA;INSTITUTO DE TRANSITO Y TRANSPORTE MUNICIPAL DE CIENAGA;SOL0000001121;Aprobada;12/06/2018 0:00;11.006.559;-74.255.791;RUTA 9007 KM 60 + 500;Radar doppler;Aprobada
ANTIOQUIA;MEDELLIN;SECRETARIA DE MOVILIDAD DE MEDELLIN;SOL0000000201;Aprobada;07/26/2018 12:00:00 AM;62.493;-755.888;Calle 44 por Carrera 70;Lazo Inductivo de piso (espiras);Aprobada
ANTIOQUIA;MEDELLIN;SECRETARIA DE MOVILIDAD DE MEDELLIN;SOL0000000201;Aprobada;07/26/2018 12:00:00 AM;6.256;-755.811;Calle 50 por Carrera 65;Lazo Inductivo de piso (espiras);Aprobada
ANTIOQUIA;MEDELLIN;SECRETARIA DE MOVILIDAD DE MEDELLIN;SOL0000000201;Aprobada;07/26/2018 12:00:00 AM;62.579;-755.721;Calle 57B por Carrera 57;Lazo Inductivo de piso (espiras);Aprobada
VALLE DEL CAUCA;CALI;SECRETARIA DE TRANSITO Y TRANSPORTE SANTIAGO DE CALI;SOL0000000361;Aprobada;07/25/2018 12:00:00 AM;34.356.575;-765.281.992;CALLE 13 CON CARRERA 23;Lazo Inductivo de piso (espiras);Aprobada
VALLE DEL CAUCA;CALI;SECRETARIA DE TRANSITO Y TRANSPORTE SANTIAGO DE CALI;SOL0000000361;Aprobada;07/25/2018 12:00:00 AM;33.428.313;-765.309.674;CALLE 18 CON CARRERA 122;Lazo Inductivo de piso (espiras);Aprobada
VALLE DEL CAUCA;CALI;SECRETARIA DE TRANSITO Y TRANSPORTE SANTIAGO DE CALI;SOL0000000361;Aprobada;07/25/2018 12:00:00 AM;33.981.553;-765.468.447;CARRERA 66 CON CALLE 5;Lazo Inductivo de piso (espiras);Aprobada
VALLE DEL CAUCA;CALI;SECRETARIA DE TRANSITO Y TRANSPORTE SANTIAGO DE CALI;SOL0000000361;Aprobada;07/25/2018 12:00:00 AM;33.855.963;-765.444.215;CALLE 5 CON CARRERA 80;Lazo Inductivo de piso (espiras);Aprobada
VALLE DEL CAUCA;CALI;SECRETARIA DE TRANSITO Y TRANSPORTE SANTIAGO DE CALI;SOL0000000361;Aprobada;07/25/2018 12:00:00 AM;34.224.253;-76.538.248;CALLE 9 CON CARRERA 38;Lazo Inductivo de piso (espiras);Aprobada
VALLE DEL CAUCA;CALI;SECRETARIA DE TRANSITO Y TRANSPORTE SANTIAGO DE CALI;SOL0000000361;Aprobada;07/25/2018 12:00:00 AM;33.274.078;-7.653.311;CALLE 18 CON CARRERA 130;Lazo Inductivo de piso (espiras);Aprobada
VALLE DEL CAUCA;CALI;SECRETARIA DE TRANSITO Y TRANSPORTE SANTIAGO DE CALI;SOL0000000361;Aprobada;07/25/2018 12:00:00 AM;34.891.759;-765.055.641;CALLE 70 AVENIDA 2AN;Lazo Inductivo de piso (espiras);Aprobada
VALLE DEL CAUCA;CALI;SECRETARIA DE TRANSITO Y TRANSPORTE SANTIAGO DE CALI;SOL0000000361;Aprobada;07/25/2018 12:00:00 AM;33.748.252;-765.251.546;CALLE 25 CON CARRERA 95;Laser (Lidar) / Infrarrojo;Aprobada
VALLE DEL CAUCA;CALI;SECRETARIA DE TRANSITO Y TRANSPORTE SANTIAGO DE CALI;SOL0000000361;Aprobada;07/25/2018 12:00:00 AM;33.933.259;-76.532.425;CALLE 14 CON CARRERA 70;Lazo Inductivo de piso (espiras);Aprobada
VALLE DEL CAUCA;CALI;SECRETARIA DE TRANSITO Y TRANSPORTE SANTIAGO DE CALI;SOL0000000361;Aprobada;07/25/2018 12:00:00 AM;34.152.051;-76.537.151;CALLE 10 CON CARRERA 44A;Laser (Lidar) / Infrarrojo;Aprobada
VALLE DEL CAUCA;CALI;SECRETARIA DE TRANSITO Y TRANSPORTE SANTIAGO DE CALI;SOL0000000361;Aprobada;07/25/2018 12:00:00 AM;34.502.579;-764.875.828;CALLE 70 CON CARRERA 9;Laser (Lidar) / Infrarrojo;Aprobada
VALLE DEL CAUCA;CALI;SECRETARIA DE TRANSITO Y TRANSPORTE SANTIAGO DE CALI;SOL0000000361;Aprobada;07/25/2018 12:00:00 AM;34.358.454;-765.178.694;CARRERA 23 CON TRANSVERSAL 25E;Laser (Lidar) / Infrarrojo;Aprobada
VALLE DEL CAUCA;CALI;SECRETARIA DE TRANSITO Y TRANSPORTE SANTIAGO DE CALI;SOL0000000361;Aprobada;07/25/2018 12:00:00 AM;33.703.348;-765.371.272;CALLE 13 CON CARRERA 100;Lazo Inductivo de piso (espiras);Aprobada
VALLE DEL CAUCA;CALI;SECRETARIA DE TRANSITO Y TRANSPORTE SANTIAGO DE CALI;SOL0000000361;Aprobada;07/25/2018 12:00:00 AM;34.560.002;-765.223.654;CARRERA 5 CON CALLE 23;Lazo Inductivo de piso (espiras);Aprobada
VALLE DEL CAUCA;CALI;SECRETARIA DE TRANSITO Y TRANSPORTE SANTIAGO DE CALI;SOL0000000361;Aprobada;07/25/2018 12:00:00 AM;34.314.865;-765.376.072;CALLE 7 CON CARRERA 29;Lazo Inductivo de piso (espiras);Aprobada
VALLE DEL CAUCA;CALI;SECRETARIA DE TRANSITO Y TRANSPORTE SANTIAGO DE CALI;SOL0000000361;Aprobada;07/25/2018 12:00:00 AM;33.307.345;-765.229.133;CALLE 36 CON CARRERA 128;Laser (Lidar) / Infrarrojo;Aprobada
VALLE DEL CAUCA;CALI;SECRETARIA DE TRANSITO Y TRANSPORTE SANTIAGO DE CALI;SOL0000000361;Aprobada;07/25/2018 12:00:00 AM;3.476.221;-765.182.469;AVENIDA 3N CON CALLE 40;Laser (Lidar) / Infrarrojo;Aprobada
ANTIOQUIA;MEDELLIN;SECRETARIA DE MOVILIDAD DE MEDELLIN;SOL0000000381;Aprobada;07/26/2018 12:00:00 AM;6.245.184;-75.583.918;Avenida Bolivariana por Carrera 65;Lazo Inductivo de piso (espiras);Aprobada
VALLE DEL CAUCA;CALI;SECRETARIA DE TRANSITO Y TRANSPORTE SANTIAGO DE CALI;SOL0000000361;Aprobada;07/25/2018 12:00:00 AM;34.839.147;-765.141.141;CALLE 52 AVENIDA 3N;Lazo Inductivo de piso (espiras);Aprobada
VALLE DEL CAUCA;CALI;SECRETARIA DE TRANSITO Y TRANSPORTE SANTIAGO DE CALI;SOL0000000361;Aprobada;07/25/2018 12:00:00 AM;34.427.762;-76.531.974;CALLE 10 CON CARRERA 15;Lazo Inductivo de piso (espiras);Aprobada
VALLE DEL CAUCA;CALI;SECRETARIA DE TRANSITO Y TRANSPORTE SANTIAGO DE CALI;SOL0000000361;Aprobada;07/25/2018 12:00:00 AM;34.149.691;-765.371.256;CALLE 10 CON CARRERA 45;Laser (Lidar) / Infrarrojo;Aprobada
VALLE DEL CAUCA;CALI;SECRETARIA DE TRANSITO Y TRANSPORTE SANTIAGO DE CALI;SOL0000000361;Aprobada;07/25/2018 12:00:00 AM;33.905.044;-765.240.686;CALLE 25 CON CARRERA 73;Lazo Inductivo de piso (espiras);Aprobada
VALLE DEL CAUCA;CALI;SECRETARIA DE TRANSITO Y TRANSPORTE SANTIAGO DE CALI;SOL0000000361;Aprobada;07/25/2018 12:00:00 AM;33.802.098;-765.377.124;CALLE 13 CON CARRERA86;Laser (Lidar) / Infrarrojo;Aprobada
ANTIOQUIA;MEDELLIN;SECRETARIA DE MOVILIDAD DE MEDELLIN;SOL0000000381;Aprobada;07/26/2018 12:00:00 AM;62.231;-75.592;Carrera 70 por Calle 19;Lazo Inductivo de piso (espiras);Aprobada
VALLE DEL CAUCA;CALI;SECRETARIA DE TRANSITO Y TRANSPORTE SANTIAGO DE CALI;SOL0000000361;Aprobada;07/25/2018 12:00:00 AM;34.846.512;-765.260.089;AVENIDA 6N CON CALLE 47;Lazo Inductivo de piso (espiras);Aprobada
VALLE DEL CAUCA;CALI;SECRETARIA DE TRANSITO Y TRANSPORTE SANTIAGO DE CALI;SOL0000000361;Aprobada;07/25/2018 12:00:00 AM;34.678.576;-765.293.658;AVENIDA 6N CON CALLE 26;Lazo Inductivo de piso (espiras);Aprobada
VALLE DEL CAUCA;CALI;SECRETARIA DE TRANSITO Y TRANSPORTE SANTIAGO DE CALI;SOL0000000361;Aprobada;07/25/2018 12:00:00 AM;34.806.964;-764.894.095;CALLE 70 CON CARRERA 1A-12;Lazo Inductivo de piso (espiras);Aprobada
VALLE DEL CAUCA;CALI;SECRETARIA DE TRANSITO Y TRANSPORTE SANTIAGO DE CALI;SOL0000000361;Aprobada;07/25/2018 12:00:00 AM;34.093.168;-76.534.435;CALLE 13 CON CARRERA 50;Lazo Inductivo de piso (espiras);Aprobada
ANTIOQUIA;MEDELLIN;SECRETARIA DE MOVILIDAD DE MEDELLIN;SOL0000000381;Aprobada;07/26/2018 12:00:00 AM;6.276.587;-75.573.367;Carrera 65 por Calle 80;Lazo Inductivo de piso (espiras);Aprobada
VALLE DEL CAUCA;CALI;SECRETARIA DE TRANSITO Y TRANSPORTE SANTIAGO DE CALI;SOL0000000361;Aprobada;07/25/2018 12:00:00 AM;33.984.059;-765.378.339;CALLE 13 CON CARRERA 66;Lazo Inductivo de piso (espiras);Aprobada
VALLE DEL CAUCA;CALI;SECRETARIA DE TRANSITO Y TRANSPORTE SANTIAGO DE CALI;SOL0000000361;Aprobada;07/25/2018 12:00:00 AM;34.359.883;-765.200.453;CALLE 23 CON CARRERA 23;Lazo Inductivo de piso (espiras);Aprobada
VALLE DEL CAUCA;CALI;SECRETARIA DE TRANSITO Y TRANSPORTE SANTIAGO DE CALI;SOL0000000361;Aprobada;07/25/2018 12:00:00 AM;34.792.551;-76.488.393;CALLE 70 CON CARRERA 1B;Lazo Inductivo de piso (espiras);Aprobada
VALLE DEL CAUCA;CALI;SECRETARIA DE TRANSITO Y TRANSPORTE SANTIAGO DE CALI;SOL0000000361;Aprobada;07/25/2018 12:00:00 AM;34.525.322;-76.537.772;AVENIDA 2 CON CALLE 6;Lazo Inductivo de piso (espiras);Aprobada
VALLE DEL CAUCA;CALI;SECRETARIA DE TRANSITO Y TRANSPORTE SANTIAGO DE CALI;SOL0000000361;Aprobada;07/25/2018 12:00:00 AM;34.320.396;-7.653.883;CALLE 6 CON CARRERA 29;Lazo Inductivo de piso (espiras);Aprobada
VALLE DEL CAUCA;CALI;SECRETARIA DE TRANSITO Y TRANSPORTE SANTIAGO DE CALI;SOL0000000361;Aprobada;07/25/2018 12:00:00 AM;33.873.908;-76.532.488;CALLE 14 CON CARRERA 80;Lazo Inductivo de piso (espiras);Aprobada
VALLE DEL CAUCA;CALI;SECRETARIA DE TRANSITO Y TRANSPORTE SANTIAGO DE CALI;SOL0000000361;Aprobada;07/25/2018 12:00:00 AM;34.552.027;-76.484.845;CALLE 70 CON CARRERA 7MBIS;Laser (Lidar) / Infrarrojo;Aprobada
ANTIOQUIA;MEDELLIN;SECRETARIA DE MOVILIDAD DE MEDELLIN;SOL0000000381;Aprobada;07/26/2018 12:00:00 AM;6.239.238;-75.589.314;Avenida 33 por Carrera 66B;Lazo Inductivo de piso (espiras);Aprobada
ANTIOQUIA;MEDELLIN;SECRETARIA DE MOVILIDAD DE MEDELLIN;SOL0000000381;Aprobada;07/26/2018 12:00:00 AM;6.279.144;-75.644.991;Km 7 +300 Vía Tunel de Occidente O-E;Laser (Lidar) / Infrarrojo;Aprobada
ANTIOQUIA;MEDELLIN;SECRETARIA DE MOVILIDAD DE MEDELLIN;SOL0000000381;Aprobada;07/26/2018 12:00:00 AM;62.693;-755.953;Avenida 80 por Calle 55;Lazo Inductivo de piso (espiras);Aprobada
ATLANTICO;BARRANQUILLA;SECRETARIA DISTRITAL DE MOVILIDAD DE BARRANQUILLA;SOL0000000236;Aprobada;07/26/2018 12:00:00 AM;1.097.787;-7.483.612;Calle 110 # 31 - 15;Radar doppler;Aprobada
Bogota D.C;Bogota D.C;SECRETARIA DISTRITAL DE MOVILIDAD;SOL0000000541;Aprobada;9/07/2018 0:00;4.675.763;-74.052.516;AK 15 X AC 92;Semi-automática (Acción remota);Aprobada
Bogota D.C;Bogota D.C;SECRETARIA DISTRITAL DE MOVILIDAD;SOL0000000541;Aprobada;9/07/2018 0:00;4.760.406;-74.066.093;AV BOYACA X AV SAN JOSE;Semi-automática (Acción remota);Aprobada
META;VILLAVICENCIO;INSPECCION MUNICIPAL DE TRANSITO DE VILLAVICENCIO;SOL0000000423;Aprobada;8/02/2018 0:00;413.706;-73.621.715;CARRERA 19 CALLE 21;Radar doppler;Aprobada
ANTIOQUIA;MEDELLIN;SECRETARIA DE MOVILIDAD DE MEDELLIN;SOL0000000481;Aprobada;8/03/2018 0:00;6.264.378;-75.578.181;Carrera 65 por Calle 59A;Laser (Lidar) / Infrarrojo;Aprobada
ANTIOQUIA;BELLO;SECRETARIA DE TRANSPORTES Y TRANSITO DE BELLO;SOL0000000382;Aprobada;08/29/2018 12:00:00 AM;6.325.391;-75.557.602;Carrera 50 Calle 38;Lazo Inductivo de piso (espiras);Aprobada
MAGDALENA;CIENAGA;INSTITUTO DE TRANSITO Y TRANSPORTE MUNICIPAL DE CIENAGA;SOL0000001121;Aprobada;12/06/2018 0:00;110.707.153;-742.125.469;RUTA 9007 KM 72 + 700;Radar doppler;Aprobada
MAGDALENA;SITIONUEVO;TRANSITO Y TRANSPORTE MAGDALENA;SOL0000000641;Aprobada;08/17/2018 12:00:00 AM;1.098.753;-74.710.505;Troncal Del Caribe - PR 8;Radar doppler;Aprobada
META;VILLAVICENCIO;INSPECCION MUNICIPAL DE TRANSITO DE VILLAVICENCIO;SOL0000000422;Aprobada;8/02/2018 0:00;4.130.386;-73.623.706;CARRERA 22 CALLE 8C;Laser (Lidar) / Infrarrojo;Aprobada
N. DE SANTANDER;CUCUTA;NORTE DE SANTANDER-CUCUTA;SOL0000001481;Aprobada;12/21/2018 12:00:00 AM;790.063;-7.250.076;SIN DIRECCION;Radar doppler;Aprobada
VALLE DEL CAUCA;CALI;SECRETARIA DE TRANSITO Y TRANSPORTE SANTIAGO DE CALI;SOL0000000361;Aprobada;07/25/2018 12:00:00 AM;34.628.735;-76.521.979;CALLE 25 CON AVENIDA 2;Lazo Inductivo de piso (espiras);Aprobada
META;VILLAVICENCIO;INSPECCION MUNICIPAL DE TRANSITO DE VILLAVICENCIO;SOL0000000421;Aprobada;8/02/2018 0:00;4.147.472;-73.618.595;CALLE 35 CARRERA 18;Laser (Lidar) / Infrarrojo;Aprobada
VALLE DEL CAUCA;CALI;SECRETARIA DE TRANSITO Y TRANSPORTE SANTIAGO DE CALI;SOL0000000361;Aprobada;07/25/2018 12:00:00 AM;3.486.059;-764.956.798;CALLE 70 CON CARRERA 1;Laser (Lidar) / Infrarrojo;Aprobada
VALLE DEL CAUCA;CALI;SECRETARIA DE TRANSITO Y TRANSPORTE SANTIAGO DE CALI;SOL0000000361;Aprobada;07/25/2018 12:00:00 AM;34.108.353;-765.417.392;CALLE 9 CON CARRERA 50;Lazo Inductivo de piso (espiras);Aprobada
META;VILLAVICENCIO;INSPECCION MUNICIPAL DE TRANSITO DE VILLAVICENCIO;SOL0000000422;Aprobada;8/02/2018 0:00;4.130.386;-73.623.706;CARRERA 22 CALLE 8C;Radar doppler;Aprobada
ANTIOQUIA;MEDELLIN;SECRETARIA DE MOVILIDAD DE MEDELLIN;SOL0000000481;Aprobada;8/03/2018 0:00;621.286;-75.596.122;Avenida 80 por Calle 2A;Laser (Lidar) / Infrarrojo;Aprobada
N. DE SANTANDER;CUCUTA;NORTE DE SANTANDER-CUCUTA;SOL0000001821;Aprobada;3/05/2019 0:00;788.329;-7.250.744;SIN DIRECCION;Radar doppler;Aprobada
META;VILLAVICENCIO;INSPECCION MUNICIPAL DE TRANSITO DE VILLAVICENCIO;SOL0000000423;Aprobada;8/02/2018 0:00;413.706;-73.621.715;CARRERA 19 CALLE 21;Laser (Lidar) / Infrarrojo;Aprobada
ANTIOQUIA;MEDELLIN;SECRETARIA DE MOVILIDAD DE MEDELLIN;SOL0000000481;Aprobada;8/03/2018 0:00;6.195.575;-75.566.031;Carrera 32 por Calle 5 Sur;Laser (Lidar) / Infrarrojo;Aprobada
ANTIOQUIA;MEDELLIN;SECRETARIA DE MOVILIDAD DE MEDELLIN;SOL0000000481;Aprobada;8/03/2018 0:00;6.196.922;-75.578.398;Carrera 48 por Calle 10 Sur;Laser (Lidar) / Infrarrojo;Aprobada
ANTIOQUIA;MEDELLIN;SECRETARIA DE MOVILIDAD DE MEDELLIN;SOL0000000481;Aprobada;8/03/2018 0:00;6.231.349;-75.574.606;Avenida Industriales por Calle 29;Laser (Lidar) / Infrarrojo;Aprobada
ANTIOQUIA;MEDELLIN;SECRETARIA DE MOVILIDAD DE MEDELLIN;SOL0000000481;Aprobada;8/03/2018 0:00;6.277.143;-755.700.086;Avenida del Rio por Calle 77;Laser (Lidar) / Infrarrojo;Aprobada
ANTIOQUIA;MEDELLIN;SECRETARIA DE MOVILIDAD DE MEDELLIN;SOL0000000481;Aprobada;8/03/2018 0:00;6.204.535;-75.587.162;Avenida Guayabal por Calle 6 Sur;Laser (Lidar) / Infrarrojo;Aprobada
ANTIOQUIA;MEDELLIN;SECRETARIA DE MOVILIDAD DE MEDELLIN;SOL0000000481;Aprobada;8/03/2018 0:00;6.271.337;-75.575.589;Carrera 65 por Calle 72;Laser (Lidar) / Infrarrojo;Aprobada
ANTIOQUIA;MEDELLIN;SECRETARIA DE MOVILIDAD DE MEDELLIN;SOL0000000481;Aprobada;8/03/2018 0:00;6.215.575;-75.586.398;Carrera 65 por Calle 8B;Laser (Lidar) / Infrarrojo;Aprobada
CALDAS;LA DORADA;OFICINA DE TRANSITO Y TRANSPORTE DE LA DORADA;SOL0000000341;Aprobada;7/11/2018 0:00;5.443.276;-74.677.861;CARRERA 6 CON VIA LA VARIANTE;Radar doppler;Aprobada
CALDAS;LA DORADA;OFICINA DE TRANSITO Y TRANSPORTE DE LA DORADA;SOL0000000343;Aprobada;7/11/2018 0:00;5.460.329;-74.669.611;KILOMETRO 1 VIA LA DORADA - HONDA;Radar doppler;Aprobada
ATLANTICO;GALAPA;SECRETARIA MUNICIPAL DE TRANSITO Y TRANSPORTE DE GALAPA;SOL0000000202;Aprobada;7/11/2018 0:00;10.900.788;-74.883.007;SIN DIRECCION;Radar doppler;Aprobada
Bogota D.C;Bogota D.C;SECRETARIA DISTRITAL DE MOVILIDAD;SOL0000000541;Aprobada;9/07/2018 0:00;45.954.996;-741.508.546;KR 62 A X AV AUTOPISTA SUR (CALE45 A SUR);Semi-automática (Acción remota);Aprobada
Bogota D.C;Bogota D.C;SECRETARIA DISTRITAL DE MOVILIDAD;SOL0000000541;Aprobada;9/07/2018 0:00;4.685.905;-74.051.928;AK 19 X AC 100;Semi-automática (Acción remota);Aprobada
Bogota D.C;Bogota D.C;SECRETARIA DISTRITAL DE MOVILIDAD;SOL0000000541;Aprobada;9/07/2018 0:00;46.825.983;-740.432.527;AK 11 X AC 100;Semi-automática (Acción remota);Aprobada
Bogota D.C;Bogota D.C;SECRETARIA DISTRITAL DE MOVILIDAD;SOL0000000541;Aprobada;9/07/2018 0:00;47.176.777;-740.323.417;AK 9 X CL 140;Semi-automática (Acción remota);Aprobada
ANTIOQUIA;MEDELLIN;SECRETARIA DE MOVILIDAD DE MEDELLIN;SOL0000000481;Aprobada;8/03/2018 0:00;6.276.113;-75.570.313;Avenida del Rio por Calle 77;Laser (Lidar) / Infrarrojo;Aprobada
ANTIOQUIA;MEDELLIN;SECRETARIA DE MOVILIDAD DE MEDELLIN;SOL0000000481;Aprobada;8/03/2018 0:00;6.225.806;-75.591.565;Carrera 70 por Calle 25;Laser (Lidar) / Infrarrojo;Aprobada
Bogota D.C;Bogota D.C;SECRETARIA DISTRITAL DE MOVILIDAD;SOL0000000541;Aprobada;9/07/2018 0:00;4.615.899;-7.408.575;KR 27 X AC 19;Semi-automática (Acción remota);Aprobada
ANTIOQUIA;MEDELLIN;SECRETARIA DE MOVILIDAD DE MEDELLIN;SOL0000000481;Aprobada;8/03/2018 0:00;6.210.951;-75.576.402;Carrera 48 por Calle 9;Laser (Lidar) / Infrarrojo;Aprobada
META;VILLAVICENCIO;INSPECCION MUNICIPAL DE TRANSITO DE VILLAVICENCIO;SOL0000000352;Aprobada;07/16/2018 12:00:00 AM;41.464;-736.144.861;CALLE 35 CARRERA 14;Laser (Lidar) / Infrarrojo;Aprobada
Bogota D.C;Bogota D.C;SECRETARIA DISTRITAL DE MOVILIDAD;SOL0000000541;Aprobada;9/07/2018 0:00;4.572.552;-74.091.717;KR 6 X AV PRIMERO DE MAYO (CL 20 SUR);Semi-automática (Acción remota);Aprobada
META;VILLAVICENCIO;INSPECCION MUNICIPAL DE TRANSITO DE VILLAVICENCIO;SOL0000000349;Aprobada;07/16/2018 12:00:00 AM;41.385.972;-736.356.388;AVENIDA 40 CARRERA 37;Laser (Lidar) / Infrarrojo;Aprobada
Bogota D.C;Bogota D.C;SECRETARIA DISTRITAL DE MOVILIDAD;SOL0000000541;Aprobada;9/07/2018 0:00;461.713;-7.415.281;AV PRIMERO DE MAYO X CL 40 sur;Semi-automática (Acción remota);Aprobada
Bogota D.C;Bogota D.C;SECRETARIA DISTRITAL DE MOVILIDAD;SOL0000000541;Aprobada;9/07/2018 0:00;46.652.661;-740.467.716;AK 7 X CL 85;Semi-automática (Acción remota);Aprobada
Bogota D.C;Bogota D.C;SECRETARIA DISTRITAL DE MOVILIDAD;SOL0000000541;Aprobada;9/07/2018 0:00;4.605.396;-74.084.276;KR 18 X CL 12;Semi-automática (Acción remota);Aprobada
Bogota D.C;Bogota D.C;SECRETARIA DISTRITAL DE MOVILIDAD;SOL0000000541;Aprobada;9/07/2018 0:00;4.604.502;-7.407.024;KR 5 X AC 19;Semi-automática (Acción remota);Aprobada
Bogota D.C;Bogota D.C;SECRETARIA DISTRITAL DE MOVILIDAD;SOL0000000541;Aprobada;9/07/2018 0:00;4.633.688;-74.075.742;AK 24 X AC 45;Semi-automática (Acción remota);Aprobada
Bogota D.C;Bogota D.C;SECRETARIA DISTRITAL DE MOVILIDAD;SOL0000000541;Aprobada;9/07/2018 0:00;467.153;-7.404.369;KR 7 X AC 92;Semi-automática (Acción remota);Aprobada
Bogota D.C;Bogota D.C;SECRETARIA DISTRITAL DE MOVILIDAD;SOL0000000541;Aprobada;9/07/2018 0:00;4.637.768;-7.409.742;KR 50 X AV ESPERANZA (AC 24);Semi-automática (Acción remota);Aprobada
Bogota D.C;Bogota D.C;SECRETARIA DISTRITAL DE MOVILIDAD;SOL0000000541;Aprobada;9/07/2018 0:00;4.603.148;-74.100.475;AV QUITO X AC 3;Semi-automática (Acción remota);Aprobada
ANTIOQUIA;MEDELLIN;SECRETARIA DE MOVILIDAD DE MEDELLIN;SOL0000000201;Aprobada;07/26/2018 12:00:00 AM;62.098;-755.682;Calle 10 por Carrera 40;Lazo Inductivo de piso (espiras);Aprobada
ANTIOQUIA;MEDELLIN;SECRETARIA DE MOVILIDAD DE MEDELLIN;SOL0000000201;Aprobada;07/26/2018 12:00:00 AM;62.514;-755.719;Calle 50 por Carrera 55;Laser (Lidar) / Infrarrojo;Aprobada
Bogota D.C;Bogota D.C;SECRETARIA DISTRITAL DE MOVILIDAD;SOL0000000541;Aprobada;9/07/2018 0:00;4.710.749;-74.071.543;AV SUBA X AC 127;Semi-automática (Acción remota);Aprobada
Bogota D.C;Bogota D.C;SECRETARIA DISTRITAL DE MOVILIDAD;SOL0000000541;Aprobada;9/07/2018 0:00;470.846;-7.411.061;AV CALLE 80 CON CARRERA 98;Semi-automática (Acción remota);Aprobada
Bogota D.C;Bogota D.C;SECRETARIA DISTRITAL DE MOVILIDAD;SOL0000000541;Aprobada;9/07/2018 0:00;4.688.698;-74.065.012;AV SUBA X AC 100;Semi-automática (Acción remota);Aprobada
Bogota D.C;Bogota D.C;SECRETARIA DISTRITAL DE MOVILIDAD;SOL0000000541;Aprobada;9/07/2018 0:00;46.880.079;-740.739.951;AK 68 X CL 98;Semi-automática (Acción remota);Aprobada
Bogota D.C;Bogota D.C;SECRETARIA DISTRITAL DE MOVILIDAD;SOL0000000541;Aprobada;9/07/2018 0:00;4.647.979;-74.059.831;AK 7 X CL 63;Semi-automática (Acción remota);Aprobada
Bogota D.C;Bogota D.C;SECRETARIA DISTRITAL DE MOVILIDAD;SOL0000000541;Aprobada;9/07/2018 0:00;4.639.412;-74.062.918;AK 7 X AC 53;Semi-automática (Acción remota);Aprobada
Bogota D.C;Bogota D.C;SECRETARIA DISTRITAL DE MOVILIDAD;SOL0000000541;Aprobada;9/07/2018 0:00;46.313.959;-740.642.157;AK 7 X CL 45;Semi-automática (Acción remota);Aprobada
Bogota D.C;Bogota D.C;SECRETARIA DISTRITAL DE MOVILIDAD;SOL0000000541;Aprobada;9/07/2018 0:00;460.875;-74.075.999;AV CARACAS X AC 19;Semi-automática (Acción remota);Aprobada
Bogota D.C;Bogota D.C;SECRETARIA DISTRITAL DE MOVILIDAD;SOL0000000541;Aprobada;9/07/2018 0:00;466.785;-7.405.147;AK 11 X CL 85;Semi-automática (Acción remota);Aprobada
Bogota D.C;Bogota D.C;SECRETARIA DISTRITAL DE MOVILIDAD;SOL0000000541;Aprobada;9/07/2018 0:00;466.906;-740.634;AK 24 X AC 80;Semi-automática (Acción remota);Aprobada
Bogota D.C;Bogota D.C;SECRETARIA DISTRITAL DE MOVILIDAD;SOL0000000541;Aprobada;9/07/2018 0:00;4.589.056;-74.109.026;KR 27 X AV PRIMERO DE MAYO;Semi-automática (Acción remota);Aprobada
Bogota D.C;Bogota D.C;SECRETARIA DISTRITAL DE MOVILIDAD;SOL0000000541;Aprobada;9/07/2018 0:00;4.569.278;-74.085.525;KR 3 ESTE X AV PRIMERO DE MAYO (CL 20 SUR);Semi-automática (Acción remota);Aprobada
Bogota D.C;Bogota D.C;SECRETARIA DISTRITAL DE MOVILIDAD;SOL0000000541;Aprobada;9/07/2018 0:00;4.654.698;-74.055.475;AK 7 X AC 72;Semi-automática (Acción remota);Aprobada
Bogota D.C;Bogota D.C;SECRETARIA DISTRITAL DE MOVILIDAD;SOL0000000541;Aprobada;9/07/2018 0:00;4.674.193;-74.041.944;AK 7 X CL 94;Semi-automática (Acción remota);Aprobada
Bogota D.C;Bogota D.C;SECRETARIA DISTRITAL DE MOVILIDAD;SOL0000000541;Aprobada;9/07/2018 0:00;4.681.633;-74.041.466;KR 9 X AC 100;Semi-automática (Acción remota);Aprobada
N. DE SANTANDER;CUCUTA;NORTE DE SANTANDER-CUCUTA;SOL0000001063;Aprobada;11/24/2018 12:00:00 AM;7.890.144;-72.498.783;AVENIDA 0– DIAGONAL SANTANDER (CLL 6);Radar doppler;Aprobada
VALLE DEL CAUCA;CALI;SECRETARIA DE TRANSITO Y TRANSPORTE SANTIAGO DE CALI;SOL0000000361;Aprobada;07/25/2018 12:00:00 AM;34.124.376;-765.152.203;CALLE 36 CON CARRERA 42B;Lazo Inductivo de piso (espiras);Aprobada
META;VILLAVICENCIO;INSPECCION MUNICIPAL DE TRANSITO DE VILLAVICENCIO;SOL0000000348;Aprobada;07/16/2018 12:00:00 AM;41.170.777;-736.471.611;CARRERA 48 CALLE 8 SUR;Laser (Lidar) / Infrarrojo;Aprobada
VALLE DEL CAUCA;CALI;SECRETARIA DE TRANSITO Y TRANSPORTE SANTIAGO DE CALI;SOL0000000361;Aprobada;07/25/2018 12:00:00 AM;34.756.242;-765.041.172;CALLE 52 CON CARRERA 1;Lazo Inductivo de piso (espiras);Aprobada
VALLE DEL CAUCA;CALI;SECRETARIA DE TRANSITO Y TRANSPORTE SANTIAGO DE CALI;SOL0000000361;Aprobada;07/25/2018 12:00:00 AM;34.754.939;-76.487.327;CALLE 70 CON CARRERA 1D;Laser (Lidar) / Infrarrojo;Aprobada
VALLE DEL CAUCA;CALI;SECRETARIA DE TRANSITO Y TRANSPORTE SANTIAGO DE CALI;SOL0000000361;Aprobada;07/25/2018 12:00:00 AM;34.018.078;-76.524.469;CARRERA 56 CON CALLE 18A;Lazo Inductivo de piso (espiras);Aprobada
ANTIOQUIA;MEDELLIN;SECRETARIA DE MOVILIDAD DE MEDELLIN;SOL0000000201;Aprobada;07/26/2018 12:00:00 AM;62.291;-755.715;Calle 29 por Carrera 44;Lazo Inductivo de piso (espiras);Aprobada
ANTIOQUIA;MEDELLIN;SECRETARIA DE MOVILIDAD DE MEDELLIN;SOL0000000201;Aprobada;07/26/2018 12:00:00 AM;62.597;-755.827;Calle 55 por Carrera 67B;Lazo Inductivo de piso (espiras);Aprobada
ANTIOQUIA;MEDELLIN;SECRETARIA DE MOVILIDAD DE MEDELLIN;SOL0000000201;Aprobada;07/26/2018 12:00:00 AM;62.098;-755.709;Carrera 43 A por Calle 9;Lazo Inductivo de piso (espiras);Aprobada
N. DE SANTANDER;LOS PATIOS;NORTE DE SANTANDER-LOS PATIOS;SOL0000000961;Aprobada;11/13/2018 12:00:00 AM;78.081.389;-725.174.694;AV 10 CALLE K53 este equipo funciona en sentidos NORTE - SUR;Laser (Lidar) / Infrarrojo;Aprobada
ANTIOQUIA;MEDELLIN;SECRETARIA DE MOVILIDAD DE MEDELLIN;SOL0000000201;Aprobada;07/26/2018 12:00:00 AM;62.503;-755.727;Carrera 55 por Calle 49;Lazo Inductivo de piso (espiras);Aprobada
ANTIOQUIA;MEDELLIN;SECRETARIA DE MOVILIDAD DE MEDELLIN;SOL0000000201;Aprobada;07/26/2018 12:00:00 AM;62.029;-755.772;Avenida las Vegas por Calle 4 Sur;Lazo Inductivo de piso (espiras);Aprobada
ANTIOQUIA;MEDELLIN;SECRETARIA DE MOVILIDAD DE MEDELLIN;SOL0000000201;Aprobada;07/26/2018 12:00:00 AM;61.895;-755.608;Carrera 25 por Calle 9A Sur;Lazo Inductivo de piso (espiras);Aprobada
ANTIOQUIA;MEDELLIN;SECRETARIA DE MOVILIDAD DE MEDELLIN;SOL0000000201;Aprobada;07/26/2018 12:00:00 AM;62.389;-755.969;Calle 33 por Carrera 76;Lazo Inductivo de piso (espiras);Aprobada
ANTIOQUIA;MEDELLIN;SECRETARIA DE MOVILIDAD DE MEDELLIN;SOL0000000201;Aprobada;07/26/2018 12:00:00 AM;62.442;-756.067;Calle 35 por Carrera 84;Lazo Inductivo de piso (espiras);Aprobada
N. DE SANTANDER;CUCUTA;NORTE DE SANTANDER-CUCUTA;SOL0000001822;Aprobada;3/05/2019 0:00;7.887.145;-72.497.162;SIN DIRECCION;Radar doppler;Aprobada
ANTIOQUIA;MEDELLIN;SECRETARIA DE MOVILIDAD DE MEDELLIN;SOL0000000201;Aprobada;07/26/2018 12:00:00 AM;6.22;-7.557.676;Avenida Regional por Calle 18;Lazo Inductivo de piso (espiras);Aprobada
ANTIOQUIA;MEDELLIN;SECRETARIA DE MOVILIDAD DE MEDELLIN;SOL0000000201;Aprobada;07/26/2018 12:00:00 AM;62.614;-755.642;Carrera 51 por Calle 64;Lazo Inductivo de piso (espiras);Aprobada
ANTIOQUIA;MEDELLIN;SECRETARIA DE MOVILIDAD DE MEDELLIN;SOL0000000201;Aprobada;07/26/2018 12:00:00 AM;62.201;-755.802;Avenida Guayabal por Calle 17;Lazo Inductivo de piso (espiras);Aprobada
ATLANTICO;BARRANQUILLA;SECRETARIA DISTRITAL DE MOVILIDAD DE BARRANQUILLA;SOL0000000231;Aprobada;06/29/2018 12:00:00 AM;1.101.211;-747.925;Via 40 # 73-290;Radar doppler;Aprobada
ANTIOQUIA;MEDELLIN;SECRETARIA DE MOVILIDAD DE MEDELLIN;SOL0000000201;Aprobada;07/26/2018 12:00:00 AM;61.977;-755.897;Carrera 52 por Calle 12 Sur;Lazo Inductivo de piso (espiras);Aprobada
ANTIOQUIA;MEDELLIN;SECRETARIA DE MOVILIDAD DE MEDELLIN;SOL0000000201;Aprobada;07/26/2018 12:00:00 AM;6.218.091;-75.575.764;Carrera 48 por Calle 16 A;Lazo Inductivo de piso (espiras);Aprobada
ANTIOQUIA;MEDELLIN;SECRETARIA DE MOVILIDAD DE MEDELLIN;SOL0000000201;Aprobada;07/26/2018 12:00:00 AM;62.125;-755.747;Calle 10 por Carrera 43F;Lazo Inductivo de piso (espiras);Aprobada
ATLANTICO;BARRANQUILLA;SECRETARIA DISTRITAL DE MOVILIDAD DE BARRANQUILLA;SOL0000000254;Aprobada;7/06/2018 0:00;1.099.322;-748.034;Calle 70 con carrera 46;Video Detección (Con analítica de video);Aprobada
ANTIOQUIA;MEDELLIN;SECRETARIA DE MOVILIDAD DE MEDELLIN;SOL0000000201;Aprobada;07/26/2018 12:00:00 AM;62.222;-755.653;Carrera 38 por Calle 19;Lazo Inductivo de piso (espiras);Aprobada
ATLANTICO;BARRANQUILLA;SECRETARIA DISTRITAL DE MOVILIDAD DE BARRANQUILLA;SOL0000000244;Aprobada;7/05/2018 0:00;1.101.575;-7.482.514;Calle 98 # 56-162;Radar doppler;Aprobada
ANTIOQUIA;MEDELLIN;SECRETARIA DE MOVILIDAD DE MEDELLIN;SOL0000000201;Aprobada;07/26/2018 12:00:00 AM;62.097;-755.656;Calle 10 A por Carrera 36;Lazo Inductivo de piso (espiras);Aprobada
ANTIOQUIA;MEDELLIN;SECRETARIA DE MOVILIDAD DE MEDELLIN;SOL0000000201;Aprobada;07/26/2018 12:00:00 AM;62.159;-755.526;Carrera 22 por Calle 16;Lazo Inductivo de piso (espiras);Aprobada
ANTIOQUIA;MEDELLIN;SECRETARIA DE MOVILIDAD DE MEDELLIN;SOL0000000201;Aprobada;07/26/2018 12:00:00 AM;6.25;-755.971;Calle 44 por Carrera 78;Lazo Inductivo de piso (espiras);Aprobada
ANTIOQUIA;MEDELLIN;SECRETARIA DE MOVILIDAD DE MEDELLIN;SOL0000000201;Aprobada;07/26/2018 12:00:00 AM;62.561;-755.809;Calle 50 por Carrera 65;Lazo Inductivo de piso (espiras);Aprobada
ANTIOQUIA;MEDELLIN;SECRETARIA DE MOVILIDAD DE MEDELLIN;SOL0000000201;Aprobada;07/26/2018 12:00:00 AM;6.282.166;-75.572.512;Calle 89 por Carrera 65;Lazo Inductivo de piso (espiras);Aprobada
N. DE SANTANDER;CUCUTA;NORTE DE SANTANDER-CUCUTA;SOL0000001045;Aprobada;11/23/2018 12:00:00 AM;789.434;-7.248.994;AV GRAN COLOMBIA CON GUAIMARAL;Radar doppler;Aprobada
ANTIOQUIA;MEDELLIN;SECRETARIA DE MOVILIDAD DE MEDELLIN;SOL0000000201;Aprobada;07/26/2018 12:00:00 AM;61.857;-75.57;Carrera 34 por Calle 16A Sur;Lazo Inductivo de piso (espiras);Aprobada
ANTIOQUIA;MEDELLIN;SECRETARIA DE MOVILIDAD DE MEDELLIN;SOL0000000201;Aprobada;07/26/2018 12:00:00 AM;62.446;-755.664;Carrera 45 por Calle 46;Lazo Inductivo de piso (espiras);Aprobada
ANTIOQUIA;MEDELLIN;SECRETARIA DE MOVILIDAD DE MEDELLIN;SOL0000000201;Aprobada;07/26/2018 12:00:00 AM;62.549;-75.563;Carrera 48 por Calle 58;Lazo Inductivo de piso (espiras);Aprobada
ANTIOQUIA;MEDELLIN;SECRETARIA DE MOVILIDAD DE MEDELLIN;SOL0000000201;Aprobada;07/26/2018 12:00:00 AM;6.290.308;-75.564.952;Avenida del Rio por Calle 94A;Laser (Lidar) / Infrarrojo;Aprobada
ANTIOQUIA;MEDELLIN;SECRETARIA DE MOVILIDAD DE MEDELLIN;SOL0000000201;Aprobada;07/26/2018 12:00:00 AM;62.065;-755.861;Carrera 52 por Calle 2 Sur;Lazo Inductivo de piso (espiras);Aprobada
ANTIOQUIA;MEDELLIN;SECRETARIA DE MOVILIDAD DE MEDELLIN;SOL0000000381;Aprobada;07/26/2018 12:00:00 AM;6.269.738;-75.571.605;Avenida del Rio por Calle 72;Lazo Inductivo de piso (espiras);Aprobada
ANTIOQUIA;MEDELLIN;SECRETARIA DE MOVILIDAD DE MEDELLIN;SOL0000000381;Aprobada;07/26/2018 12:00:00 AM;6.274.592;-75.570.531;Avenida del Rio por Carrera 64A;Lazo Inductivo de piso (espiras);Aprobada
ANTIOQUIA;MEDELLIN;SECRETARIA DE MOVILIDAD DE MEDELLIN;SOL0000000381;Aprobada;07/26/2018 12:00:00 AM;6.226.302;-7.558.362;Carrera 65 por Calle 25;Lazo Inductivo de piso (espiras);Aprobada
ANTIOQUIA;MEDELLIN;SECRETARIA DE MOVILIDAD DE MEDELLIN;SOL0000000381;Aprobada;07/26/2018 12:00:00 AM;62.482;-755.833;Carrera 65 por Calle 44;Laser (Lidar) / Infrarrojo;Aprobada
ATLANTICO;TUBARA;INSTITUTO DE TRANSITO DEL ATLANTICO;SOL0000002001;Aprobada;04/16/2019 12:00:00 AM;10.890.732;-75.051.471;VÍA AL MAR RUTA 90A01 KM 77+150;Radar doppler;Aprobada
ANTIOQUIA;MEDELLIN;SECRETARIA DE MOVILIDAD DE MEDELLIN;SOL0000000381;Aprobada;07/26/2018 12:00:00 AM;6.289.662;-75.570.158;Carrera 65 por Calle 95;Lazo Inductivo de piso (espiras);Aprobada
ANTIOQUIA;MEDELLIN;SECRETARIA DE MOVILIDAD DE MEDELLIN;SOL0000000381;Aprobada;07/26/2018 12:00:00 AM;62.226;-755.919;Carrera 70 por Calle 19;Lazo Inductivo de piso (espiras);Aprobada
ANTIOQUIA;MEDELLIN;SECRETARIA DE MOVILIDAD DE MEDELLIN;SOL0000000381;Aprobada;07/26/2018 12:00:00 AM;6.253;-755.879;Carrera 70 por Calle 47D;Lazo Inductivo de piso (espiras);Aprobada
ANTIOQUIA;MEDELLIN;SECRETARIA DE MOVILIDAD DE MEDELLIN;SOL0000000381;Aprobada;07/26/2018 12:00:00 AM;6.231.114;-75.596.248;Carrera 76 por Calle 30;Lazo Inductivo de piso (espiras);Aprobada
ANTIOQUIA;MEDELLIN;SECRETARIA DE MOVILIDAD DE MEDELLIN;SOL0000000381;Aprobada;07/26/2018 12:00:00 AM;62.773;-755.894;Avenida 80 por Calle 76;Lazo Inductivo de piso (espiras);Aprobada
ANTIOQUIA;MEDELLIN;SECRETARIA DE MOVILIDAD DE MEDELLIN;SOL0000000381;Aprobada;07/26/2018 12:00:00 AM;62.387;-755.902;Diagonal 74B por Calle 32F;Lazo Inductivo de piso (espiras);Aprobada
ATLANTICO;BARRANQUILLA;SECRETARIA DISTRITAL DE MOVILIDAD DE BARRANQUILLA;SOL0000000226;Aprobada;06/29/2018 12:00:00 AM;110.032;-7.481.055;Carrera 51B # 79-192;Radar doppler;Aprobada
ANTIOQUIA;MEDELLIN;SECRETARIA DE MOVILIDAD DE MEDELLIN;SOL0000000381;Aprobada;07/26/2018 12:00:00 AM;62.791;-756.449;Km 7 +300 Vía Tunel de Occidente E-O;Laser (Lidar) / Infrarrojo;Aprobada
ANTIOQUIA;MEDELLIN;SECRETARIA DE MOVILIDAD DE MEDELLIN;SOL0000000381;Aprobada;07/26/2018 12:00:00 AM;62.767;-756.061;Km 4 +100 Vía Tunel de Occidente O-E;Laser (Lidar) / Infrarrojo;Aprobada
ANTIOQUIA;MEDELLIN;SECRETARIA DE MOVILIDAD DE MEDELLIN;SOL0000000481;Aprobada;8/03/2018 0:00;6.249.763;-7.558.005;Autopista Sur por Calle 44A;Laser (Lidar) / Infrarrojo;Aprobada
ANTIOQUIA;MEDELLIN;SECRETARIA DE MOVILIDAD DE MEDELLIN;SOL0000000481;Aprobada;8/03/2018 0:00;6.292.095;-75.568.481;Carrera 64C por Calle 97A;Laser (Lidar) / Infrarrojo;Aprobada
ANTIOQUIA;MEDELLIN;SECRETARIA DE MOVILIDAD DE MEDELLIN;SOL0000000381;Aprobada;07/26/2018 12:00:00 AM;62.074;-755.892;Avenida 80 por Carrera 65;Lazo Inductivo de piso (espiras);Aprobada
ANTIOQUIA;SABANETA;SECRETARIA DE TRANSITO Y TRANSPORTE MUNICIPAL DE SABANETA;SOL0000000621;Aprobada;08/28/2018 12:00:00 AM;6.158.101;-75.609.045;AVENIDA LAS VEGAS CARRERA 48 CON CALLE 60 SUR (INTERSECCIóN SENTIDO NORTE - SUR).;Lazo Inductivo de piso (espiras);Aprobada
Bogota D.C;Bogota D.C;SECRETARIA DISTRITAL DE MOVILIDAD;SOL0000000541;Aprobada;9/07/2018 0:00;47.298;-7.406.864;AV BOYACA X AC 138;Semi-automática (Acción remota);Aprobada
Bogota D.C;Bogota D.C;SECRETARIA DISTRITAL DE MOVILIDAD;SOL0000000541;Aprobada;9/07/2018 0:00;4.640.483;-74.066.464;AV CARACAS X CL 53;Semi-automática (Acción remota);Aprobada
Bogota D.C;Bogota D.C;SECRETARIA DISTRITAL DE MOVILIDAD;SOL0000000541;Aprobada;9/07/2018 0:00;4.604.657;-74.095.158;KR 27 X AC 6;Semi-automática (Acción remota);Aprobada
Bogota D.C;Bogota D.C;SECRETARIA DISTRITAL DE MOVILIDAD;SOL0000000541;Aprobada;9/07/2018 0:00;4.599.114;-74.078.412;KR 10 X CL 10;Semi-automática (Acción remota);Aprobada
Bogota D.C;Bogota D.C;SECRETARIA DISTRITAL DE MOVILIDAD;SOL0000000541;Aprobada;9/07/2018 0:00;45.984.922;-741.069.537;AV QUITO X CL 8 SUR;Semi-automática (Acción remota);Aprobada
Bogota D.C;Bogota D.C;SECRETARIA DISTRITAL DE MOVILIDAD;SOL0000000541;Aprobada;9/07/2018 0:00;45.971.725;-741.775.094;AUTOPISTA SUR X CL 59 SUR;Semi-automática (Acción remota);Aprobada
META;VILLAVICENCIO;INSPECCION MUNICIPAL DE TRANSITO DE VILLAVICENCIO;SOL0000000354;Aprobada;07/17/2018 12:00:00 AM;41.292.306;-736.383.528;AVENIDA 40 CALLE 10C;Laser (Lidar) / Infrarrojo;Aprobada
VALLE DEL CAUCA;CALI;SECRETARIA DE TRANSITO Y TRANSPORTE SANTIAGO DE CALI;SOL0000000361;Aprobada;07/25/2018 12:00:00 AM;3.407.457;-765.424.192;CARRERA 56 CON CALLE 9;Lazo Inductivo de piso (espiras);Aprobada
ATLANTICO;BARRANQUILLA;SECRETARIA DISTRITAL DE MOVILIDAD DE BARRANQUILLA;SOL0000000250;Aprobada;06/29/2018 12:00:00 AM;1.097.935;-7.482.306;Calle 82B # 26C1 - 60 (casa esquina);Radar doppler;Aprobada
ATLANTICO;BARRANQUILLA;SECRETARIA DISTRITAL DE MOVILIDAD DE BARRANQUILLA;SOL0000000225;Aprobada;06/29/2018 12:00:00 AM;110.131;-7.483.406;Carrera 51B - Calle 102;Radar doppler;Aprobada
ATLANTICO;BARRANQUILLA;SECRETARIA DISTRITAL DE MOVILIDAD DE BARRANQUILLA;SOL0000000228;Aprobada;06/29/2018 12:00:00 AM;109.402.005;-7.477.858;Calle 19 entre carreras 3D(Boulevard);Radar doppler;Aprobada
ATLANTICO;BARRANQUILLA;SECRETARIA DISTRITAL DE MOVILIDAD DE BARRANQUILLA;SOL0000000239;Aprobada;07/26/2018 12:00:00 AM;1.096.272;-7.483.793;Calle 110# 10 - 427;Radar doppler;Aprobada
META;VILLAVICENCIO;INSPECCION MUNICIPAL DE TRANSITO DE VILLAVICENCIO;SOL0000000421;Aprobada;8/02/2018 0:00;4.147.472;-73.618.595;CALLE 35 CARRERA 18;Radar doppler;Aprobada
ATLANTICO;BARRANQUILLA;SECRETARIA DISTRITAL DE MOVILIDAD DE BARRANQUILLA;SOL0000000204;Aprobada;06/29/2018 12:00:00 AM;1.098.943;-7.481.432;Calle 76 # 38C - 110;Radar doppler;Aprobada
ATLANTICO;BARRANQUILLA;SECRETARIA DISTRITAL DE MOVILIDAD DE BARRANQUILLA;SOL0000000223;Aprobada;06/29/2018 12:00:00 AM;1.095.849;-7.480.349;Calle 56 # 14 - 24;Radar doppler;Aprobada
ATLANTICO;BARRANQUILLA;SECRETARIA DISTRITAL DE MOVILIDAD DE BARRANQUILLA;SOL0000000224;Aprobada;06/29/2018 12:00:00 AM;1.092.959;-7.479.918;Calle 45 # 1Sur - 39;Radar doppler;Aprobada
ATLANTICO;BARRANQUILLA;SECRETARIA DISTRITAL DE MOVILIDAD DE BARRANQUILLA;SOL0000000240;Aprobada;06/29/2018 12:00:00 AM;109.475;-7.481.622;Carrera 6 - Calle 72 / carrera 56 # 65-44;Radar doppler;Aprobada
ATLANTICO;BARRANQUILLA;SECRETARIA DISTRITAL DE MOVILIDAD DE BARRANQUILLA;SOL0000000245;Aprobada;06/29/2018 12:00:00 AM;1.097.109;-74.823;Carrera 21 # 78-44;Radar doppler;Aprobada
ATLANTICO;JUAN DE ACOSTA;INSTITUTO DE TRANSITO DEL ATLANTICO;SOL0000000442;Aprobada;8/02/2018 0:00;10.834.457;-75.142.016;SIN DIRECCION;Radar doppler;Aprobada
ATLANTICO;JUAN DE ACOSTA;INSTITUTO DE TRANSITO DEL ATLANTICO;SOL0000000443;Aprobada;8/02/2018 0:00;10.864.337;-75.099.612;SIN DIRECCION;Radar doppler;Aprobada
VALLE DEL CAUCA;CARTAGO;DISTRITO MUNICIPAL DE TRANSITO Y TRANSPORTE DE CARTAGO;SOL0000001202;Aprobada;12/09/2018 0:00;47.068.812;-759.224.315;SIN DIRECCION;Laser (Lidar) / Infrarrojo;Aprobada
VALLE DEL CAUCA;CARTAGO;DISTRITO MUNICIPAL DE TRANSITO Y TRANSPORTE DE CARTAGO;SOL0000001221;Aprobada;12/09/2018 0:00;47.269.902;-759.143.884;SIN DIRECCION;Laser (Lidar) / Infrarrojo;Aprobada
ATLANTICO;BARRANQUILLA;SECRETARIA DISTRITAL DE MOVILIDAD DE BARRANQUILLA;SOL0000000221;Aprobada;06/29/2018 12:00:00 AM;1.094.667;-7.478.458;Calle 30 # 4B-350;Radar doppler;Aprobada
ATLANTICO;BARRANQUILLA;SECRETARIA DISTRITAL DE MOVILIDAD DE BARRANQUILLA;SOL0000000233;Aprobada;07/26/2018 12:00:00 AM;1.096.212;-7.479.308;Calle 45 # 21-39;Radar doppler;Aprobada
ATLANTICO;BARRANQUILLA;SECRETARIA DISTRITAL DE MOVILIDAD DE BARRANQUILLA;SOL0000000235;Aprobada;07/26/2018 12:00:00 AM;1.096.134;-7.479.337;Calle 45 # 21 - 18;Radar doppler;Aprobada
SUCRE;COROZAL;INSPECCION DE TRANSITO Y TRANSPORTE DE COROZAL;SOL0000000388;Aprobada;07/26/2018 12:00:00 AM;9.319.929;-75.304.641;VIA TRONCAL DE OCCIDENTE - KM 7+750 SNS;Radar doppler;Aprobada
CUNDINAMARCA;LA MESA;SECRETARIA DE TRANSPORTE Y MOVILIDAD DE CUNDINAMARCA;SOL0000001384;Aprobada;12/15/2018 12:00:00 AM;4.554.758;-74.532.514;Se Encuentra Ubicado en el Municipio de Anapoima en CRA 5 NO. 9 50;Radar doppler;Aprobada
ATLANTICO;GALAPA;SECRETARIA MUNICIPAL DE TRANSITO Y TRANSPORTE DE GALAPA;SOL0000000344;Aprobada;7/11/2018 0:00;10.862.371;-74.896.177;Vía Cordialidad KM 104+900;Radar doppler;Aprobada
ATLANTICO;SOLEDAD;INSTITUTO MUNICIPAL DE TRANSITO Y TRANSPORTE DE SOLEDAD;SOL0000000384;Aprobada;07/26/2018 12:00:00 AM;10.910.575;-74.799.143;SIN DIRECCION;Radar doppler;Aprobada
MAGDALENA;CIENAGA;INSTITUTO DE TRANSITO Y TRANSPORTE MUNICIPAL DE CIENAGA;SOL0000001121;Aprobada;12/06/2018 0:00;109.875;-74.198.889;RUTA 4518 KM 97;Radar doppler;Aprobada
SUCRE;COROZAL;INSPECCION DE TRANSITO Y TRANSPORTE DE COROZAL;SOL0000000389;Aprobada;07/26/2018 12:00:00 AM;9.326.066;-75.283.779;VIA TRONCAL DE OCCIDENTE - KM 10+550;Radar doppler;Aprobada
VALLE DEL CAUCA;CARTAGO;DISTRITO MUNICIPAL DE TRANSITO Y TRANSPORTE DE CARTAGO;SOL0000001161;Aprobada;12/09/2018 0:00;47.428.117;-759.031.523;SIN DIRECCION;Laser (Lidar) / Infrarrojo;Aprobada
SUCRE;COROZAL;INSPECCION DE TRANSITO Y TRANSPORTE DE COROZAL;SOL0000000387;Aprobada;07/26/2018 12:00:00 AM;9.319.717;-75.304.748;VIA TRONCAL DE OCCIDENTE - KM 7+750;Radar doppler;Aprobada
ATLANTICO;SOLEDAD;INSTITUTO MUNICIPAL DE TRANSITO Y TRANSPORTE DE SOLEDAD;SOL0000000386;Aprobada;07/26/2018 12:00:00 AM;10.924.191;-74.792.783;SIN DIRECCION;Radar doppler;Aprobada
MAGDALENA;PUEBLOVIEJO;TRANSITO Y TRANSPORTE MAGDALENA;SOL0000000642;Aprobada;08/17/2018 12:00:00 AM;10.981.853;-74.309.397;Troncal Del Caribe - PR 54;Radar doppler;Aprobada
ATLANTICO;BARRANQUILLA;SECRETARIA DISTRITAL DE MOVILIDAD DE BARRANQUILLA;SOL0000000230;Aprobada;06/29/2018 12:00:00 AM;1.100.788;-7.483.351;Carrera 46 - calle 100 esquina;Radar doppler;Aprobada
ATLANTICO;BARRANQUILLA;SECRETARIA DISTRITAL DE MOVILIDAD DE BARRANQUILLA;SOL0000000249;Aprobada;06/29/2018 12:00:00 AM;1.094.276;-7.478.356;Calle 30 # 5A-121 (Coltanques);Radar doppler;Aprobada
N. DE SANTANDER;CUCUTA;NORTE DE SANTANDER-CUCUTA;SOL0000001481;Aprobada;12/21/2018 12:00:00 AM;789.991;-7.250.063;SIN DIRECCION;Radar doppler;Aprobada
MAGDALENA;PUEBLOVIEJO;TRANSITO Y TRANSPORTE MAGDALENA;SOL0000000781;Aprobada;10/02/2018 0:00;10.971.872;-74.362.098;Troncal Del Caribe - PR 48;Radar doppler;Aprobada
VALLE DEL CAUCA;YUMBO;SECRETARIA DE TRANSITO Y TRANSPORTE DE YUMBO;SOL0000001362;Aprobada;12/17/2018 12:00:00 AM;3.554.974;-76.501.121;Calle 10 entre Carreras 20 y 21;Radar doppler;Aprobada
ATLANTICO;BARRANQUILLA;SECRETARIA DISTRITAL DE MOVILIDAD DE BARRANQUILLA;SOL0000000247;Aprobada;06/29/2018 12:00:00 AM;1.095.356;-7.477.608;Carrera 15 # 18 - 102;Radar doppler;Aprobada
ATLANTICO;SUAN;INSTITUTO DE TRANSITO DEL ATLANTICO;SOL0000001941;Aprobada;4/02/2019 0:00;10.339.479;-74.879.307;Vía Troncal de Occidente Ruta 2516 PR 9+308;Radar doppler;Aprobada
ANTIOQUIA;ITAGUI;SECRETARIA DE TRANSPORTE Y TRANSITO DE ITAGUI;SOL0000000761;Aprobada;09/27/2018 12:00:00 AM;61.921.057;-755.925.978;CALLE 85 CARRERA 52D (SECTOR CHIMENEAS);Lazo Inductivo de piso (espiras);Aprobada
ATLANTICO;BARRANQUILLA;SECRETARIA DISTRITAL DE MOVILIDAD DE BARRANQUILLA;SOL0000000252;Aprobada;7/03/2018 0:00;110.074;-7.481.254;Calle 82 con carrera 56;Video Detección (Con analítica de video);Aprobada
ATLANTICO;BARRANQUILLA;SECRETARIA DISTRITAL DE MOVILIDAD DE BARRANQUILLA;SOL0000000248;Aprobada;06/29/2018 12:00:00 AM;1.101.561;-7.482.071;Calle 94 # 57-57;Radar doppler;Aprobada
MAGDALENA;PUEBLOVIEJO;TRANSITO Y TRANSPORTE MAGDALENA;SOL0000000782;Aprobada;10/02/2018 0:00;10.972.246;-74.398.495;Troncal Del Caribe - PR 44;Radar doppler;Aprobada
N. DE SANTANDER;CUCUTA;NORTE DE SANTANDER-CUCUTA;SOL0000001561;Aprobada;12/28/2018 12:00:00 AM;788.884;-7.250.218;SIN DIRECCION;Radar doppler;Aprobada
ATLANTICO;MALAMBO;INSTITUTO DE TRANSITO DEL ATLANTICO;SOL0000001982;Aprobada;04/23/2019 12:00:00 AM;10.870.283;-7.477.136;Calle 10A con Carrera 17 (Malambo);Radar doppler;Aprobada
ATLANTICO;BARRANQUILLA;SECRETARIA DISTRITAL DE MOVILIDAD DE BARRANQUILLA;SOL0000000243;Aprobada;7/05/2018 0:00;1.101.742;-7.483.438;Carrera 53 - Calle 106;Radar doppler;Aprobada
N. DE SANTANDER;CUCUTA;NORTE DE SANTANDER-CUCUTA;SOL0000001841;Aprobada;3/05/2019 0:00;789.064;-7.250.562;SIN DIRECCION;Radar doppler;Aprobada
VALLE DEL CAUCA;YOTOCO;SECRETARIA DE TRANSITO Y TRANSPORTE DE YOTOCO (VALLE);SOL0000001102;Aprobada;12/17/2018 12:00:00 AM;3.880.631;-76.375.349;SIN DIRECCION;Radar doppler;Aprobada
SANTANDER;BARRANCABERMEJA;INSPECCION DE TRANSITO Y TRANSPORTE DE BARRANCABERMEJA;SOL0000001726;Aprobada;02/19/2019 12:00:00 AM;7.062.468;-73.840.031;Calle 39 carrera 36d. aceso occidental.   Orientación: Occidente Oriente (solo se va a supervisar e infraccionar en un solo sentido);Video Detección (Con analítica de video);Aprobada
N. DE SANTANDER;CUCUTA;NORTE DE SANTANDER-CUCUTA;SOL0000001041;Aprobada;11/23/2018 12:00:00 AM;7.908.724;-72.517.832;AVENIDA 0 CON CALLE 1 (Atalaya);Radar doppler;Aprobada
N. DE SANTANDER;VILLA DEL ROSARIO;DEPARTAMENTO ADMINISTRATIVO DE TRANSPORTES Y TRANSITO DE VILLA DEL ROSARIO;SOL0000000364;Aprobada;07/27/2018 12:00:00 AM;7.838.556;-72.464.714;SIN DIRECCION;Radar doppler;Aprobada
N. DE SANTANDER;VILLA DEL ROSARIO;DEPARTAMENTO ADMINISTRATIVO DE TRANSPORTES Y TRANSITO DE VILLA DEL ROSARIO;SOL0000000365;Aprobada;07/27/2018 12:00:00 AM;7.860.509;-72.479.449;SIN DIRECCION;Radar doppler;Aprobada
ATLANTICO;BARRANQUILLA;SECRETARIA DISTRITAL DE MOVILIDAD DE BARRANQUILLA;SOL0000000241;Aprobada;7/09/2018 0:00;1.095.749;-7.489.345;Via 11 # 8 - 21;Radar doppler;Aprobada
ATLANTICO;BARRANQUILLA;SECRETARIA DISTRITAL DE MOVILIDAD DE BARRANQUILLA;SOL0000000256;Aprobada;7/09/2018 0:00;1.096.959;-7.478.989;Calle 45 con carrera 27;Video Detección (Con analítica de video);Aprobada
ATLANTICO;BARRANQUILLA;SECRETARIA DISTRITAL DE MOVILIDAD DE BARRANQUILLA;SOL0000000251;Aprobada;7/09/2018 0:00;1.095.467;-7.479.734;Calle 45B con carrera 14;Video Detección (Con analítica de video);Aprobada
ATLANTICO;BARRANQUILLA;SECRETARIA DISTRITAL DE MOVILIDAD DE BARRANQUILLA;SOL0000000257;Aprobada;7/09/2018 0:00;1.099.261;-7.480.666;Calle 72 con carrera 44;Video Detección (Con analítica de video);Aprobada
ATLANTICO;BARRANQUILLA;SECRETARIA DISTRITAL DE MOVILIDAD DE BARRANQUILLA;SOL0000000253;Aprobada;7/09/2018 0:00;1.098.771;-7.478.975;Calle 53 con carrera 45;Video Detección (Con analítica de video);Aprobada
ATLANTICO;BARRANQUILLA;SECRETARIA DISTRITAL DE MOVILIDAD DE BARRANQUILLA;SOL0000000227;Aprobada;06/29/2018 12:00:00 AM;1.100.938;-7.481.841;Carrera 53 entre calles 86 y 87;Radar doppler;Aprobada
ATLANTICO;BARRANQUILLA;SECRETARIA DISTRITAL DE MOVILIDAD DE BARRANQUILLA;SOL0000000229;Aprobada;06/29/2018 12:00:00 AM;1.094.252;-747.777;Calle 19 entre carreras 4C y 5A (Cancha);Radar doppler;Aprobada
ATLANTICO;BARRANQUILLA;SECRETARIA DISTRITAL DE MOVILIDAD DE BARRANQUILLA;SOL0000000237;Aprobada;07/26/2018 12:00:00 AM;1.097.871;-7.483.624;Calle 110#29-120 (centro industrial);Radar doppler;Aprobada
MAGDALENA;CIENAGA;INSTITUTO DE TRANSITO Y TRANSPORTE MUNICIPAL DE CIENAGA;SOL0000001121;Aprobada;12/06/2018 0:00;110.221.411;-742.089.761;RUTA 9007 KM 66 + 977;Radar doppler;Aprobada
MAGDALENA;CIENAGA;INSTITUTO DE TRANSITO Y TRANSPORTE MUNICIPAL DE CIENAGA;SOL0000001121;Aprobada;12/06/2018 0:00;110.002.073;-74.213.672;RUTA 45MGB2 KM 1 + 350;Radar doppler;Aprobada
VALLE DEL CAUCA;YUMBO;SECRETARIA DE TRANSITO Y TRANSPORTE DE YUMBO;SOL0000001365;Aprobada;12/17/2018 12:00:00 AM;3.553.317;-76.490.183;SIN DIRECCION;Radar doppler;Aprobada
VALLE DEL CAUCA;YUMBO;SECRETARIA DE TRANSITO Y TRANSPORTE DE YUMBO;SOL0000001342;Aprobada;12/17/2018 12:00:00 AM;352.675;-76.514.983;SIN DIRECCION;Radar doppler;Aprobada
VALLE DEL CAUCA;YUMBO;SECRETARIA DE TRANSITO Y TRANSPORTE DE YUMBO;SOL0000001343;Aprobada;12/17/2018 12:00:00 AM;3.528.183;-76.514.517;Calle 10 frente al Colegio Liceo Francés Paul Valery Sentido Norte -Sur.;Radar doppler;Aprobada
CUNDINAMARCA;COTA;SECRETARIA DE TRANSPORTE Y MOVILIDAD DE CUNDINAMARCA;SOL0000001452;Aprobada;12/17/2018 12:00:00 AM;479.277;-74.115.819;Via Mosquera Cota km 16 sentido siberia cota;Radar doppler;Aprobada
VALLE DEL CAUCA;YOTOCO;SECRETARIA DE TRANSITO Y TRANSPORTE DE YOTOCO (VALLE);SOL0000001101;Aprobada;12/17/2018 12:00:00 AM;3.813.821;-76.391.971;SIN DIRECCION;Radar doppler;Aprobada
ANTIOQUIA;ITAGUI;SECRETARIA DE TRANSPORTE Y TRANSITO DE ITAGUI;SOL0000002061;Aprobada;5/08/2019 0:00;6.191.318;-75.592.445;Carrera 52 Calle 85;Lazo Inductivo de piso (espiras);Aprobada
ATLANTICO;SOLEDAD;INSTITUTO MUNICIPAL DE TRANSITO Y TRANSPORTE DE SOLEDAD;SOL0000002081;Aprobada;05/21/2019 12:00:00 AM;10.917.662;-74.774.931;Av. Calle 30 con Carrera 19 (Soledad);Radar doppler;Aprobada
ATLANTICO;BARRANQUILLA;SECRETARIA DISTRITAL DE MOVILIDAD DE BARRANQUILLA;SOL0000000238;Aprobada;07/26/2018 12:00:00 AM;1.096.257;-7.483.808;Calle 110# 10 - 427 (Norte-Sur);Radar doppler;Aprobada
N. DE SANTANDER;CUCUTA;NORTE DE SANTANDER-CUCUTA;SOL0000001641;Aprobada;01/18/2019 12:00:00 AM;793.286;-7.249.854;SIN DIRECCION;Radar doppler;Aprobada
ATLANTICO;BARRANQUILLA;SECRETARIA DISTRITAL DE MOVILIDAD DE BARRANQUILLA;SOL0000000258;Aprobada;7/09/2018 0:00;1.100.457;-7.481.435;Calle 82 con carrera 51B;Video Detección (Con analítica de video);Aprobada
ANTIOQUIA;BELLO;SECRETARIA DE TRANSPORTES Y TRANSITO DE BELLO;SOL0000000382;Aprobada;08/29/2018 12:00:00 AM;6.327.839;-75.558.023;Carrera 50 Calle 40;Lazo Inductivo de piso (espiras);Aprobada
VALLE DEL CAUCA;YUMBO;SECRETARIA DE TRANSITO Y TRANSPORTE DE YUMBO;SOL0000001364;Aprobada;12/17/2018 12:00:00 AM;3.529.883;-764.959;SIN DIRECCION;Radar doppler;Aprobada
N. DE SANTANDER;CUCUTA;NORTE DE SANTANDER-CUCUTA;SOL0000001043;Aprobada;11/23/2018 12:00:00 AM;790.499;-7.251.833;AVENIDA 17 CON CALLE 4;Radar doppler;Aprobada
VALLE DEL CAUCA;CARTAGO;DISTRITO MUNICIPAL DE TRANSITO Y TRANSPORTE DE CARTAGO;SOL0000001201;Aprobada;12/09/2018 0:00;47.328.607;-759.119.295;SIN DIRECCION;Laser (Lidar) / Infrarrojo;Aprobada
N. DE SANTANDER;LOS PATIOS;NORTE DE SANTANDER-LOS PATIOS;SOL0000000941;Aprobada;11/13/2018 12:00:00 AM;7.823.875;-725.133.388;AV 10 CALLE 12 SENTIDO CUCUTA - PAMPLONA;Laser (Lidar) / Infrarrojo;Aprobada
VALLE DEL CAUCA;YOTOCO;SECRETARIA DE TRANSITO Y TRANSPORTE DE YOTOCO (VALLE);SOL0000001081;Aprobada;12/17/2018 12:00:00 AM;3.786.458;-76.400.148;SIN DIRECCION;Radar doppler;Aprobada
ANTIOQUIA;SABANETA;SECRETARIA DE TRANSITO Y TRANSPORTE MUNICIPAL DE SABANETA;SOL0000000621;Aprobada;08/28/2018 12:00:00 AM;6.156.162;-7.561.912;AVENIDA REGIONAL CON CALLE 67 SUR (TRAMO DE VÍA SENTIDO SUR - NORTE).;Lazo Inductivo de piso (espiras);Aprobada
ATLANTICO;SABANAGRANDE;INSTITUTO DE TRANSITO DEL ATLANTICO;SOL0000001984;Aprobada;04/23/2019 12:00:00 AM;10.777.101;-74.756.537;Vía Oriental KM 62;Radar doppler;Aprobada
CUNDINAMARCA;SIBATE;SECRETARIA DE TRANSPORTE Y MOVILIDAD DE CUNDINAMARCA;SOL0000001402;Aprobada;12/15/2018 12:00:00 AM;4.528.889;-74.321.824;Vía Bogota Girardot  Km 100 +500 sector el Soche;Radar doppler;Aprobada
ATLANTICO;GALAPA;SECRETARIA MUNICIPAL DE TRANSITO Y TRANSPORTE DE GALAPA;SOL0000001921;Aprobada;03/21/2019 12:00:00 AM;10.927.372;-74.866.142;VÍA CORDIALIDAD - RUTA 9006 PR 113+150;Radar doppler;Aprobada
ATLANTICO;MALAMBO;INSTITUTO DE TRANSITO DEL ATLANTICO;SOL0000001983;Aprobada;04/23/2019 12:00:00 AM;10.864.616;-74.772.149;Vía Oriental con Carrera 19 (Malambo);Radar doppler;Aprobada
ATLANTICO;PUERTO COLOMBIA;SECRETARIA MUNICIPAL DE TRANSITO Y TRANSPORTE DE PUERTO COLOMBIA;SOL0000000347;Aprobada;7/11/2018 0:00;11.016.498;-74.845.503;Carrera 51B - Km 2;Radar doppler;Aprobada
ANTIOQUIA;ITAGUI;SECRETARIA DE TRANSPORTE Y TRANSITO DE ITAGUI;SOL0000002101;Aprobada;05/20/2019 12:00:00 AM;617.242;-7.562.977;CALLE 36 CARRERA 65;Lazo Inductivo de piso (espiras);Aprobada
CUNDINAMARCA;CAJICA;SECRETARIA DE TRANSPORTE Y MOVILIDAD DE CUNDINAMARCA;SOL0000001381;Aprobada;12/15/2018 12:00:00 AM;4.917.675;-74.016.017;El equipo se ubica en la Carrera 8 N° 4D – 05 en el Municipio de CAJICA;Radar doppler;Aprobada
N. DE SANTANDER;CUCUTA;NORTE DE SANTANDER-CUCUTA;SOL0000001581;Aprobada;1/09/2019 0:00;789.008;-7.250.387;AVENIDA 4 CALLE 7;Radar doppler;Aprobada
ANTIOQUIA;SABANETA;SECRETARIA DE TRANSITO Y TRANSPORTE MUNICIPAL DE SABANETA;SOL0000000621;Aprobada;08/28/2018 12:00:00 AM;6.157.511;-75.609.599;AVENIDA LAS VEGAS CARRERA 48 CON CALLE 60 SUR (INTERSECCIóN SENTIDO SUR - NORTE).;Lazo Inductivo de piso (espiras);Aprobada
ATLANTICO;SOLEDAD;INSTITUTO MUNICIPAL DE TRANSITO Y TRANSPORTE DE SOLEDAD;SOL0000000385;Aprobada;07/26/2018 12:00:00 AM;10.927.281;-74.787.766;SIN DIRECCION;Radar doppler;Aprobada
N. DE SANTANDER;CUCUTA;NORTE DE SANTANDER-CUCUTA;SOL0000001561;Aprobada;12/28/2018 12:00:00 AM;78.893;-7.250.188;SIN DIRECCION;Radar doppler;Aprobada
ATLANTICO;BARRANQUILLA;SECRETARIA DISTRITAL DE MOVILIDAD DE BARRANQUILLA;SOL0000000242;Aprobada;06/29/2018 12:00:00 AM;10.943.326;-74.830.563;SIN DIRECCION;Radar doppler;Aprobada
SANTANDER;BARRANCABERMEJA;INSPECCION DE TRANSITO Y TRANSPORTE DE BARRANCABERMEJA;SOL0000001701;Aprobada;02/16/2019 12:00:00 AM;7.061.938;-73.854.522;Calle 52 carrera 30 Acceso Norte.  Orientación: norte sur (Solo se va a supervisar e infraccionar en un solo sentido);Video Detección (Con analítica de video);Aprobada
N. DE SANTANDER;CUCUTA;NORTE DE SANTANDER-CUCUTA;SOL0000002441;Aprobada;07/23/2019 12:00:00 AM;7.872.508;-72.501.116;Av. 1 con Calle 25;Radar doppler;Aprobada
CUNDINAMARCA;CHOCONTA;SECRETARIA DE TRANSPORTE Y MOVILIDAD DE CUNDINAMARCA;SOL0000001447;Aprobada;12/17/2018 12:00:00 AM;5.148.254;-73.683.745;El equipo se ubica en la Carrera 8 N° 9 – 04 en el Municipio de Chocontá  El sentido el cual se realizará el control es en sentido Bogotá Tunja sentido Suroccidente  a Nororiente;Radar doppler;Aprobada
ATLANTICO;BARANOA;INSTITUTO DE TRANSITO DEL ATLANTICO;SOL0000001985;Aprobada;04/23/2019 12:00:00 AM;10.781.367;-74.905.706;Vía Cordialidad Km 96;Radar doppler;Aprobada
SANTANDER;BARRANCABERMEJA;INSPECCION DE TRANSITO Y TRANSPORTE DE BARRANCABERMEJA;SOL0000001701;Aprobada;02/16/2019 12:00:00 AM;7.061.239;-73.854.894;Calle 53 carrera 24. acceso Occidente.   Orientación: Occidente oriente;Video Detección (Con analítica de video);Aprobada
SANTANDER;BARRANCABERMEJA;INSPECCION DE TRANSITO Y TRANSPORTE DE BARRANCABERMEJA;SOL0000001741;Aprobada;02/19/2019 12:00:00 AM;7.041.222;-73.839.386;carrera 52 calle 33 acceso norte.  Orientación: norte-sur;Video Detección (Con analítica de video);Aprobada
SANTANDER;BARRANCABERMEJA;INSPECCION DE TRANSITO Y TRANSPORTE DE BARRANCABERMEJA;SOL0000001781;Aprobada;02/19/2019 12:00:00 AM;7.068.317;-73.856.159;Calle 60 carrera 21 acceso occidente.       Orientación: occidente-oriente;Video Detección (Con analítica de video);Aprobada
SANTANDER;BARRANCABERMEJA;INSPECCION DE TRANSITO Y TRANSPORTE DE BARRANCABERMEJA;SOL0000001724;Aprobada;02/19/2019 12:00:00 AM;7.074.878;-73.827.381;Diagonal 60 Transversal 48 acceso sur.     Orientación: sur-norte;Video Detección (Con analítica de video);Aprobada
SANTANDER;BARRANCABERMEJA;INSPECCION DE TRANSITO Y TRANSPORTE DE BARRANCABERMEJA;SOL0000001762;Aprobada;02/19/2019 12:00:00 AM;7.062.244;-73.850.442;Calle 52 Carrera 30 Acceso Norte.         Orientación: norte-sur;Video Detección (Con analítica de video);Aprobada
ATLANTICO;MALAMBO;INSTITUTO DE TRANSITO DEL ATLANTICO;SOL0000001981;Aprobada;04/23/2019 12:00:00 AM;10.889.146;-74.769.846;Avenida Aeropuerto con Carrera 41 (Malambo);Radar doppler;Aprobada
SANTANDER;BARRANCABERMEJA;INSPECCION DE TRANSITO Y TRANSPORTE DE BARRANCABERMEJA;SOL0000001729;Aprobada;02/19/2019 12:00:00 AM;7.060.175;-73.861.997;Calle 50 carrera 15 acceso oriental.    Orientación: oriente-occidente;Video Detección (Con analítica de video);Aprobada
ANTIOQUIA;BELLO;SECRETARIA DE TRANSPORTES Y TRANSITO DE BELLO;SOL0000000382;Aprobada;08/29/2018 12:00:00 AM;6.313.999;-755.637.476;Calle 24A Carrera 58;Lazo Inductivo de piso (espiras);Aprobada
SANTANDER;BARRANCABERMEJA;INSPECCION DE TRANSITO Y TRANSPORTE DE BARRANCABERMEJA;SOL0000001744;Aprobada;02/19/2019 12:00:00 AM;7.063.322;-73.844.415;Carrera 34c Calle 39 acceso sur.   Orientación Sur-norte;Video Detección (Con analítica de video);Aprobada
SANTANDER;BARRANCABERMEJA;INSPECCION DE TRANSITO Y TRANSPORTE DE BARRANCABERMEJA;SOL0000001723;Aprobada;02/19/2019 12:00:00 AM;7.071.898;-73.843.365;calle 63 diagonal 60 acceso oriente.  Orientación: oriente-occidente;Video Detección (Con analítica de video);Aprobada
SANTANDER;BARRANCABERMEJA;INSPECCION DE TRANSITO Y TRANSPORTE DE BARRANCABERMEJA;SOL0000001724;Aprobada;02/19/2019 12:00:00 AM;7.075.313;-73.827.449;Transversal 48 Diagonal 60 acceso occidente.  Orientación: occidente-oriente;Video Detección (Con analítica de video);Aprobada
ATLANTICO;PONEDERA;INSTITUTO DE TRANSITO DEL ATLANTICO;SOL0000001963;Aprobada;4/02/2019 0:00;10.592.196;-74.780.466;Vía Troncal del Occidente Ruta 2516 PR 41+000;Radar doppler;Aprobada
CUNDINAMARCA;CAJICA;SECRETARIA DE TRANSPORTE Y MOVILIDAD DE CUNDINAMARCA;SOL0000001382;Aprobada;12/15/2018 12:00:00 AM;4.968.284;-74.004.538;VIA BOGOTA UBATE KM 19 +970;Radar doppler;Aprobada
HUILA;PALERMO;ORGANISMO DE TRANSITO MUNICPAL DE PALERMO (HUILA);SOL0000000521;Aprobada;08/31/2018 12:00:00 AM;2.833.086;-75.329.864;RUTA 43HL02-1 PR 6 + 100;Radar doppler;Aprobada
CUNDINAMARCA;RICAURTE;SECRETARIA DE TRANSPORTE Y MOVILIDAD DE CUNDINAMARCA;SOL0000001463;Aprobada;12/18/2018 12:00:00 AM;4.284.418;-74.772.343;CALLE 10 NO. 12 301 en el Municipio Ricaurte;Radar doppler;Aprobada
SANTANDER;BARRANCABERMEJA;INSPECCION DE TRANSITO Y TRANSPORTE DE BARRANCABERMEJA;SOL0000001729;Aprobada;02/19/2019 12:00:00 AM;7.060.592;-73.862.372;Carrera 15 calle 50 acceso norte.   Orientación: norte-sur;Video Detección (Con analítica de video);Aprobada
N. DE SANTANDER;LOS PATIOS;NORTE DE SANTANDER-LOS PATIOS;SOL0000000962;Aprobada;11/13/2018 12:00:00 AM;78.034.528;-725.202.225;AV 10 URBANIZACION MONTEBELLO 2;Laser (Lidar) / Infrarrojo;Aprobada
SANTANDER;BARRANCABERMEJA;INSPECCION DE TRANSITO Y TRANSPORTE DE BARRANCABERMEJA;SOL0000001781;Aprobada;02/19/2019 12:00:00 AM;7.068.624;-73.855.471;Calle 60 carrera 21 acceso oriental.   Orientación: oriente-occidente;Video Detección (Con analítica de video);Aprobada
SANTANDER;BARRANCABERMEJA;INSPECCION DE TRANSITO Y TRANSPORTE DE BARRANCABERMEJA;SOL0000001722;Aprobada;02/19/2019 12:00:00 AM;7.059.378;-73.850.778;Calle 48 Carrera 28 acceso oriente.    Orientación: oriente-occidente;Video Detección (Con analítica de video);Aprobada
SANTANDER;BARRANCABERMEJA;INSPECCION DE TRANSITO Y TRANSPORTE DE BARRANCABERMEJA;SOL0000001744;Aprobada;02/19/2019 12:00:00 AM;7.063.811;-7.384.454;Calle 39 Carrera 34c acceso Occidental.    Orientación: Occidente-Oriente;Video Detección (Con analítica de video);Aprobada
SANTANDER;BARRANCABERMEJA;INSPECCION DE TRANSITO Y TRANSPORTE DE BARRANCABERMEJA;SOL0000001722;Aprobada;02/19/2019 12:00:00 AM;7.058.806;-73.850.961;Carrera 28 Calle 48 Acceso sur.   Orientación: sur-norte;Video Detección (Con analítica de video);Aprobada
CUNDINAMARCA;COTA;SECRETARIA DE TRANSPORTE Y MOVILIDAD DE CUNDINAMARCA;SOL0000001449;Aprobada;12/17/2018 12:00:00 AM;4.773.019;-74.145.638;VÍA MOSQUERA COTA KM 12 Sentido Sur-occidente Norte-oriente;Radar doppler;Aprobada
N. DE SANTANDER;CUCUTA;NORTE DE SANTANDER-CUCUTA;SOL0000002441;Aprobada;07/23/2019 12:00:00 AM;7.873.421;-72.500.829;Av. 1 con calle 24;Radar doppler;Aprobada
ATLANTICO;PONEDERA;INSTITUTO DE TRANSITO DEL ATLANTICO;SOL0000001964;Aprobada;4/02/2019 0:00;10.635.661;-74.758.829;Vía Troncal del Occidente Ruta 2516 46+000;Radar doppler;Aprobada
SANTANDER;BARRANCABERMEJA;INSPECCION DE TRANSITO Y TRANSPORTE DE BARRANCABERMEJA;SOL0000001741;Aprobada;02/19/2019 12:00:00 AM;7.040.311;-73.839.683;carrera 52 calle 33;Video Detección (Con analítica de video);Aprobada
CUNDINAMARCA;CHOCONTA;SECRETARIA DE TRANSPORTE Y MOVILIDAD DE CUNDINAMARCA;SOL0000001446;Aprobada;12/17/2018 12:00:00 AM;499.607;-73.869.959;GACHANCIAPA VIA BOGOTA TUNJA K31+500;Radar doppler;Aprobada
SANTANDER;BARRANCABERMEJA;INSPECCION DE TRANSITO Y TRANSPORTE DE BARRANCABERMEJA;SOL0000001730;Aprobada;02/19/2019 12:00:00 AM;7.069.186;-73.846.233;Diagonal 60 calle 61 acceso oriental.   Orientación: oriente-occidente;Video Detección (Con analítica de video);Aprobada
SANTANDER;BARRANCABERMEJA;INSPECCION DE TRANSITO Y TRANSPORTE DE BARRANCABERMEJA;SOL0000001762;Aprobada;02/19/2019 12:00:00 AM;7.061.369;-73.851.025;Diagonal 49 Carrera 30 Calle 52 acceso sur-occidental.   Orientación: sur norte;Video Detección (Con analítica de video);Aprobada
SANTANDER;BARRANCABERMEJA;INSPECCION DE TRANSITO Y TRANSPORTE DE BARRANCABERMEJA;SOL0000001762;Aprobada;02/19/2019 12:00:00 AM;7.061.647;-73.851.267;Calle 52 carrera 30 acceso occidente.     Orientación: Occidente Oriente;Video Detección (Con analítica de video);Aprobada
ATLANTICO;CAMPO DE LA CRUZ;INSTITUTO DE TRANSITO DEL ATLANTICO;SOL0000001962;Aprobada;4/02/2019 0:00;10.407.569;-74.850.196;Vía Troncal de Occidente Ruta 2516 PR 17+972;Radar doppler;Aprobada
SANTANDER;BARRANCABERMEJA;INSPECCION DE TRANSITO Y TRANSPORTE DE BARRANCABERMEJA;SOL0000001701;Aprobada;02/16/2019 12:00:00 AM;7.060.883;-73.854.454;Calle 52 Carrera 24 acceso sur.     Orientación: sur - norte (Solo se va a supervisar e infraccionar en un solo sentido);Video Detección (Con analítica de video);Aprobada
SANTANDER;BARRANCABERMEJA;INSPECCION DE TRANSITO Y TRANSPORTE DE BARRANCABERMEJA;SOL0000001730;Aprobada;02/19/2019 12:00:00 AM;7.068.936;-73.846.969;Calle 61 diagonal 60 acceso occidental.    Orientación: occidente-oriente;Video Detección (Con analítica de video);Aprobada
N. DE SANTANDER;CUCUTA;NORTE DE SANTANDER-CUCUTA;SOL0000001641;Aprobada;01/18/2019 12:00:00 AM;793.337;-7.249.795;SIN DIRECCION;Radar doppler;Aprobada
N. DE SANTANDER;LOS PATIOS;NORTE DE SANTANDER-LOS PATIOS;SOL0000000901;Aprobada;11/13/2018 12:00:00 AM;7.858.613;-725.008.388;AV 10 CALLE 51 COMFANORTE SENTIDO PAMPLONA - CUCUTA;Laser (Lidar) / Infrarrojo;Aprobada
SANTANDER;BARRANCABERMEJA;INSPECCION DE TRANSITO Y TRANSPORTE DE BARRANCABERMEJA;SOL0000001741;Aprobada;02/19/2019 12:00:00 AM;7.041.061;-7.383.988;Calle 33 carrera 52 acceso occidente.   Orientación: occidente-oriente;Video Detección (Con analítica de video);Aprobada
SANTANDER;BARRANCABERMEJA;INSPECCION DE TRANSITO Y TRANSPORTE DE BARRANCABERMEJA;SOL0000001722;Aprobada;02/19/2019 12:00:00 AM;7.059.478;-73.851.301;Calle 48 Carrera 28 acceso norte.    Orientación: norte- sur.;Video Detección (Con analítica de video);Aprobada
MAGDALENA;FUNDACION;INSTITUTO MUNICIPAL DE TRANSITO Y TRANSPORTE DE FUNDACION;SOL0000000681;Aprobada;10/02/2018 0:00;104.996.667;-74.161.183;"RUTA 4518 TRONCAL DEL CARIBE ""RUTA DEL SOL 3"" PR-32 +500 (TOMA DE EVIDENCIAS ELECTRONICAS EN AMBOS SENTIDOS DE CIRCULACION)";Video Detección (Con analítica de video);Aprobada
SANTANDER;BARRANCABERMEJA;INSPECCION DE TRANSITO Y TRANSPORTE DE BARRANCABERMEJA;SOL0000001726;Aprobada;02/19/2019 12:00:00 AM;7.062.703;-73.839.019;Calle 52A x calle 39 (calle 54). acceso oriental-sur.     Orientación oriente-occidente (Solo se va a supervisar e infraccionar en un solo sentido);Video Detección (Con analítica de video);Aprobada
N. DE SANTANDER;CUCUTA;NORTE DE SANTANDER-CUCUTA;SOL0000002461;Aprobada;07/26/2019 12:00:00 AM;789.416;-7.249.027;Parque Simón Bolívar intersección Av. La Gran Colombia con Av. Guaimaral;Radar doppler;Aprobada
CUNDINAMARCA;RICAURTE;SECRETARIA DE TRANSPORTE Y MOVILIDAD DE CUNDINAMARCA;SOL0000001462;Aprobada;12/18/2018 12:00:00 AM;4.239.328;-74.720.923;Via Bogota Girardot Km 14+600 Nilo;Radar doppler;Aprobada
N. DE SANTANDER;CUCUTA;NORTE DE SANTANDER-CUCUTA;SOL0000001061;Aprobada;11/23/2018 12:00:00 AM;7.872.508;-72.501.116;SIN DIRECCION;Radar doppler;Aprobada
N. DE SANTANDER;CUCUTA;NORTE DE SANTANDER-CUCUTA;SOL0000001063;Aprobada;11/24/2018 12:00:00 AM;7.891.276;-72.499.015;AVENIDA 0– DIAGONAL SANTANDER (CLL 8);Radar doppler;Aprobada
ATLANTICO;CAMPO DE LA CRUZ;INSTITUTO DE TRANSITO DEL ATLANTICO;SOL0000001942;Aprobada;4/02/2019 0:00;10.459.206;-74.833.683;Vía Troncal del Occidente Ruta 2516 PR 24+650;Radar doppler;Aprobada
SANTANDER;BARRANCABERMEJA;INSPECCION DE TRANSITO Y TRANSPORTE DE BARRANCABERMEJA;SOL0000001728;Aprobada;02/19/2019 12:00:00 AM;7.056.758;-73.850.483;Carrera 28 Calle 45 acceso norte.   Orientación: norte-sur  (Solo se va a supervisar e infraccionar en un solo sentido);Video Detección (Con analítica de video);Aprobada
ANTIOQUIA;BELLO;SECRETARIA DE TRANSPORTES Y TRANSITO DE BELLO;SOL0000000382;Aprobada;08/29/2018 12:00:00 AM;6.329.922;-75.550.549;Avenida 38 Pedro Nel Gomez Km2 +280 Sentido S-N;Lazo Inductivo de piso (espiras);Aprobada
BOLIVAR;TURBACO;SECRETARIA DE TRANSITO Y TRANSPORTE MUNICIPAL DE TURBACO;SOL0000000362;Aprobada;07/18/2018 12:00:00 AM;10.375.602;-75.459.363;SIN DIRECCION;Radar doppler;Aprobada
SANTANDER;BARRANCABERMEJA;INSPECCION DE TRANSITO Y TRANSPORTE DE BARRANCABERMEJA;SOL0000001724;Aprobada;02/19/2019 12:00:00 AM;7.075.011;-73.826.844;Transversal 48 Diagonal 60 acceso oriente.  Orientación: oriente-occidente;Video Detección (Con analítica de video);Aprobada
SANTANDER;BARRANCABERMEJA;INSPECCION DE TRANSITO Y TRANSPORTE DE BARRANCABERMEJA;SOL0000001726;Aprobada;02/19/2019 12:00:00 AM;7.063.147;-73.839.292;Carrera 36e Calle 54 (cl 39). Acceso norte (intersección).   Orientación: norte-sur (solo se va a supervisar e infraccionar en un solo sentido);Video Detección (Con analítica de video);Aprobada
SANTANDER;BARRANCABERMEJA;INSPECCION DE TRANSITO Y TRANSPORTE DE BARRANCABERMEJA;SOL0000001728;Aprobada;02/19/2019 12:00:00 AM;70.561;-73.850.167;Carrera 28 calle 45 acceso sur.  Orientación: sur- norte. (olo se va a supervisar e infraccionar en un solo sentido);Video Detección (Con analítica de video);Aprobada
SANTANDER;BARRANCABERMEJA;INSPECCION DE TRANSITO Y TRANSPORTE DE BARRANCABERMEJA;SOL0000001762;Aprobada;02/19/2019 12:00:00 AM;7.061.962;-73.850.114;Calle 52 Carrera 30 accesos oriente.   Orientación: Oriente-Occidente;Video Detección (Con analítica de video);Aprobada
ATLANTICO;CAMPO DE LA CRUZ;INSTITUTO DE TRANSITO DEL ATLANTICO;SOL0000001961;Aprobada;4/02/2019 0:00;10.377.133;-7.486.939;Vía Troncal del Occidente Ruta 2516 PR 14+000;Radar doppler;Aprobada
CUNDINAMARCA;SIBATE;SECRETARIA DE TRANSPORTE Y MOVILIDAD DE CUNDINAMARCA;SOL0000001403;Aprobada;12/15/2018 12:00:00 AM;4.524.055;-74.242.203;VIA SOACHA SIBATE KM7;Radar doppler;Aprobada
ATLANTICO;PALMAR DE VARELA;INSTITUTO DE TRANSITO DEL ATLANTICO;SOL0000001965;Aprobada;4/02/2019 0:00;10.705.271;-74.750.647;Vía Troncal de Occidente Ruta 2516 PR 54+000;Radar doppler;Aprobada
SANTANDER;BARRANCABERMEJA;INSPECCION DE TRANSITO Y TRANSPORTE DE BARRANCABERMEJA;SOL0000001723;Aprobada;02/19/2019 12:00:00 AM;7.071.286;-73.844.066;diagonal 60 calle 63  acceso sur.     Orientación: sur-norte;Video Detección (Con analítica de video);Aprobada
SANTANDER;BARRANCABERMEJA;INSPECCION DE TRANSITO Y TRANSPORTE DE BARRANCABERMEJA;SOL0000001723;Aprobada;02/19/2019 12:00:00 AM;7.072.276;-73.843.598;Diagonal 60 Calle 63 Acceso norte.    Orientación norte-sur;Video Detección (Con analítica de video);Aprobada
SANTANDER;BARRANCABERMEJA;INSPECCION DE TRANSITO Y TRANSPORTE DE BARRANCABERMEJA;SOL0000001701;Aprobada;02/16/2019 12:00:00 AM;7.061.631;-73.854.111;Call 52 carrera 30 Acceso oriente.       Orientación: oriente occidente;Video Detección (Con analítica de video);Aprobada
ANTIOQUIA;BELLO;SECRETARIA DE TRANSPORTES Y TRANSITO DE BELLO;SOL0000000382;Aprobada;08/29/2018 12:00:00 AM;6.314.005;-75.562.133;Calle 24A Carrera 57A;Lazo Inductivo de piso (espiras);Aprobada
N. DE SANTANDER;CUCUTA;NORTE DE SANTANDER-CUCUTA;SOL0000001062;Aprobada;11/23/2018 12:00:00 AM;789.555;-725.077;SIN DIRECCION;Radar doppler;Aprobada
N. DE SANTANDER;CUCUTA;NORTE DE SANTANDER-CUCUTA;SOL0000001061;Aprobada;11/23/2018 12:00:00 AM;7.873.421;-72.500.829;SIN DIRECCION;Radar doppler;Aprobada
SANTANDER;BARRANCABERMEJA;INSPECCION DE TRANSITO Y TRANSPORTE DE BARRANCABERMEJA;SOL0000001726;Aprobada;02/19/2019 12:00:00 AM;7.062.964;-73.838.958;Calle 54 (calle39) x Carrera 36e. acceso Oriente    Orientación: Oriente-Occidente (solo se va a supervisar e infraccionar en un solo sentido);Video Detección (Con analítica de video);Aprobada
CUNDINAMARCA;COTA;SECRETARIA DE TRANSPORTE Y MOVILIDAD DE CUNDINAMARCA;SOL0000001422;Aprobada;12/17/2018 12:00:00 AM;4.785.245;-74.124.876;SIN DIRECCION;Radar doppler;Aprobada
ATLANTICO;PUERTO COLOMBIA;SECRETARIA MUNICIPAL DE TRANSITO Y TRANSPORTE DE PUERTO COLOMBIA;SOL0000000356;Aprobada;7/11/2018 0:00;11.019.722;-7.486.882;SIN DIRECCION;Radar doppler;Aprobada
SANTANDER;BARRANCABERMEJA;INSPECCION DE TRANSITO Y TRANSPORTE DE BARRANCABERMEJA;SOL0000001726;Aprobada;02/19/2019 12:00:00 AM;7.062.217;-73.839.577;Carrera 36d Calle 39 acceso sur.     Orientación: Sur-norte (olo se va a supervisar e infraccionar en un solo sentido);Video Detección (Con analítica de video);Aprobada
HUILA;PALERMO;ORGANISMO DE TRANSITO MUNICPAL DE PALERMO (HUILA);SOL0000000521;Aprobada;08/31/2018 12:00:00 AM;2.947.972;-75.309.306;RUTA 4506 KM 0 + 300;Radar doppler;Aprobada
HUILA;PALERMO;ORGANISMO DE TRANSITO MUNICPAL DE PALERMO (HUILA);SOL0000000521;Aprobada;08/31/2018 12:00:00 AM;2.903.186;-75.331.144;RUTA 43HL02 PR 14 + 600;Radar doppler;Aprobada
CUNDINAMARCA;SIBATE;SECRETARIA DE TRANSPORTE Y MOVILIDAD DE CUNDINAMARCA;SOL0000001404;Aprobada;12/15/2018 12:00:00 AM;4.503.708;-74.364.935;Via Bogotá Girardot km93+600;Radar doppler;Aprobada
SANTANDER;BARRANCABERMEJA;INSPECCION DE TRANSITO Y TRANSPORTE DE BARRANCABERMEJA;SOL0000001728;Aprobada;02/19/2019 12:00:00 AM;7.056.281;-73.850.689;Calle 45 Carrera 28 acceso occidente.   Orientación: occidente-oriente (Solo se va a supervisar e infraccionar en un solo sentido);Video Detección (Con analítica de video);Aprobada
CUNDINAMARCA;COTA;SECRETARIA DE TRANSPORTE Y MOVILIDAD DE CUNDINAMARCA;SOL0000001451;Aprobada;12/17/2018 12:00:00 AM;4.782.882;-74.130.177;Via Mosquera Cota Km14;Radar doppler;Aprobada
ANTIOQUIA;BELLO;SECRETARIA DE TRANSPORTES Y TRANSITO DE BELLO;SOL0000001621;Aprobada;01/18/2019 12:00:00 AM;6.330.147;-75.550.323;SIN DIRECCION;Lazo Inductivo de piso (espiras);Aprobada
BOLIVAR;TURBACO;SECRETARIA DE TRANSITO Y TRANSPORTE MUNICIPAL DE TURBACO;SOL0000000363;Aprobada;07/18/2018 12:00:00 AM;10.339.709;-7.542.171;SIN DIRECCION;Radar doppler;Aprobada
SANTANDER;BARRANCABERMEJA;INSPECCION DE TRANSITO Y TRANSPORTE DE BARRANCABERMEJA;SOL0000001744;Aprobada;02/19/2019 12:00:00 AM;706.345;-73.843.795;Calle 39 Carrera 34c acceso Oriente.    Orientación: oriente-occidente;Video Detección (Con analítica de video);Aprobada
