Departamento;Municipio;Latitud;Longitud;Direccion
ATLANTICO;BARRANQUILLA;10.985.675;-74.810.864;Calle 72 # 38-79
ATLANTICO;BARRANQUILLA;10.985.675;-74.810.864;Calle 72 # 38-79
ATLANTICO;BARRANQUILLA;1.101.113;-7.481.144;Calle 84 # 59-34
META;VILLAVICENCIO;41.159.416;-73.628.172;CALLE 1 CARRERA 32
ATLANTICO;BARRANQUILLA;1.098.383;-747.775;Calle 34 con carrera 45
VALLE DEL CAUCA;CALI;34.093.953;-765.178.873;CARRERA 46 CON CALLE 36
META;VILLAVICENCIO;41.440.444;-736.042.916;CALLE 35 CARRERA 3
ANTIOQUIA;MEDELLIN;621.919;-75.599.256;Avenida 80 por Carrera 76
ANTIOQUIA;MEDELLIN;62.614;-755.564;Calle 67 por Carrera 45
ANTIOQUIA;MEDELLIN;62.412;-755.696;Carrera 46 por Calle 41
ANTIOQUIA;MEDELLIN;62.384;-755.734;Calle 37 por Carrera 51
ANTIOQUIA;MEDELLIN;6.19;-755.826;Carrera 49 por Calle 17 A Sur
ANTIOQUIA;MEDELLIN;62.069;-755.861;Carrera 52 por Calle 2 Sur
META;VILLAVICENCIO;41.393.667;-73.630.375;CARRERA 33 CALLE 24
META;VILLAVICENCIO;41.443.306;-736.365.028;CARRERA 36 CALLE 33
ANTIOQUIA;MEDELLIN;623.921;-7.557.325;Calle 38 por Carrera 52
ANTIOQUIA;MEDELLIN;62.459;-75.573;Calle 44 por Carrera 53
ANTIOQUIA;MEDELLIN;62.311;-755.699;Carrera 43A por Calle 31
ANTIOQUIA;MEDELLIN;6.220.488;-75.576.676;Avenida Regional por Calle 18
ANTIOQUIA;MEDELLIN;620.218;-7.558.008;Autopista Sur por Calle 4 Sur
ANTIOQUIA;MEDELLIN;6.213.157;-75.576.821;Calle 10 por Carrera 48
ANTIOQUIA;MEDELLIN;62.531;-755.623;Carrera 46 por Calle 57
ANTIOQUIA;MEDELLIN;61.887;-75.583;Avenida Regional por Calle 17A Sur
ANTIOQUIA;MEDELLIN;62.224;-755.796;Avenida Guayabal por Calle 20
META;VILLAVICENCIO;41.184.194;-736.208.528;CALLE 1 CARRERA 26A
ANTIOQUIA;MEDELLIN;62.433;-756.025;Avenida 80 por Calle 35
ANTIOQUIA;MEDELLIN;61.965;-755.853;Avenida 80 por Calle 12 Sur
ANTIOQUIA;MEDELLIN;62.315;-755.873;Calle 30 por Carrera 66B
ANTIOQUIA;MEDELLIN;62.458;-75.573;Calle 44 por Carrera 53
ANTIOQUIA;MEDELLIN;62.493;-755.888;Calle 44 por Carrera 70
ANTIOQUIA;MEDELLIN;6.256;-755.811;Calle 50 por Carrera 65
ANTIOQUIA;MEDELLIN;62.579;-755.721;Calle 57B por Carrera 57
VALLE DEL CAUCA;CALI;34.356.575;-765.281.992;CALLE 13 CON CARRERA 23
VALLE DEL CAUCA;CALI;33.428.313;-765.309.674;CALLE 18 CON CARRERA 122
VALLE DEL CAUCA;CALI;33.981.553;-765.468.447;CARRERA 66 CON CALLE 5
VALLE DEL CAUCA;CALI;33.855.963;-765.444.215;CALLE 5 CON CARRERA 80
VALLE DEL CAUCA;CALI;34.224.253;-76.538.248;CALLE 9 CON CARRERA 38
VALLE DEL CAUCA;CALI;33.274.078;-7.653.311;CALLE 18 CON CARRERA 130
VALLE DEL CAUCA;CALI;34.891.759;-765.055.641;CALLE 70 AVENIDA 2AN
VALLE DEL CAUCA;CALI;33.748.252;-765.251.546;CALLE 25 CON CARRERA 95
VALLE DEL CAUCA;CALI;33.933.259;-76.532.425;CALLE 14 CON CARRERA 70
VALLE DEL CAUCA;CALI;34.152.051;-76.537.151;CALLE 10 CON CARRERA 44A
VALLE DEL CAUCA;CALI;34.502.579;-764.875.828;CALLE 70 CON CARRERA 9
VALLE DEL CAUCA;CALI;34.358.454;-765.178.694;CARRERA 23 CON TRANSVERSAL 25E
VALLE DEL CAUCA;CALI;33.703.348;-765.371.272;CALLE 13 CON CARRERA 100
VALLE DEL CAUCA;CALI;34.560.002;-765.223.654;CARRERA 5 CON CALLE 23
VALLE DEL CAUCA;CALI;34.314.865;-765.376.072;CALLE 7 CON CARRERA 29
VALLE DEL CAUCA;CALI;33.307.345;-765.229.133;CALLE 36 CON CARRERA 128
VALLE DEL CAUCA;CALI;3.476.221;-765.182.469;AVENIDA 3N CON CALLE 40
ANTIOQUIA;MEDELLIN;6.245.184;-75.583.918;Avenida Bolivariana por Carrera 65
VALLE DEL CAUCA;CALI;34.839.147;-765.141.141;CALLE 52 AVENIDA 3N
VALLE DEL CAUCA;CALI;34.427.762;-76.531.974;CALLE 10 CON CARRERA 15
VALLE DEL CAUCA;CALI;34.149.691;-765.371.256;CALLE 10 CON CARRERA 45
VALLE DEL CAUCA;CALI;33.905.044;-765.240.686;CALLE 25 CON CARRERA 73
VALLE DEL CAUCA;CALI;33.802.098;-765.377.124;CALLE 13 CON CARRERA86
ANTIOQUIA;MEDELLIN;62.231;-75.592;Carrera 70 por Calle 19
VALLE DEL CAUCA;CALI;34.846.512;-765.260.089;AVENIDA 6N CON CALLE 47
VALLE DEL CAUCA;CALI;34.678.576;-765.293.658;AVENIDA 6N CON CALLE 26
VALLE DEL CAUCA;CALI;34.806.964;-764.894.095;CALLE 70 CON CARRERA 1A-12
VALLE DEL CAUCA;CALI;34.093.168;-76.534.435;CALLE 13 CON CARRERA 50
ANTIOQUIA;MEDELLIN;6.276.587;-75.573.367;Carrera 65 por Calle 80
VALLE DEL CAUCA;CALI;33.984.059;-765.378.339;CALLE 13 CON CARRERA 66
VALLE DEL CAUCA;CALI;34.359.883;-765.200.453;CALLE 23 CON CARRERA 23
VALLE DEL CAUCA;CALI;34.792.551;-76.488.393;CALLE 70 CON CARRERA 1B
VALLE DEL CAUCA;CALI;34.525.322;-76.537.772;AVENIDA 2 CON CALLE 6
VALLE DEL CAUCA;CALI;34.320.396;-7.653.883;CALLE 6 CON CARRERA 29
VALLE DEL CAUCA;CALI;33.873.908;-76.532.488;CALLE 14 CON CARRERA 80
VALLE DEL CAUCA;CALI;34.552.027;-76.484.845;CALLE 70 CON CARRERA 7MBIS
ANTIOQUIA;MEDELLIN;6.239.238;-75.589.314;Avenida 33 por Carrera 66B
ANTIOQUIA;MEDELLIN;6.279.144;-75.644.991;Km 7 +300 V¡a Tunel de Occidente O-E
ANTIOQUIA;MEDELLIN;62.693;-755.953;Avenida 80 por Calle 55
ATLANTICO;BARRANQUILLA;1.097.787;-7.483.612;Calle 110 # 31 - 15
Bogota D.C;Bogota D.C;4.675.763;-74.052.516;AK 15 X AC 92
Bogota D.C;Bogota D.C;4.760.406;-74.066.093;AV BOYACA X AV SAN JOSE
META;VILLAVICENCIO;413.706;-73.621.715;CARRERA 19 CALLE 21
ANTIOQUIA;MEDELLIN;6.264.378;-75.578.181;Carrera 65 por Calle 59A
ANTIOQUIA;BELLO;6.325.391;-75.557.602;Carrera 50 Calle 38
MAGDALENA;CIENAGA;110.707.153;-742.125.469;RUTA 9007 KM 72 + 700
MAGDALENA;SITIONUEVO;1.098.753;-74.710.505;Troncal Del Caribe - PR 8
META;VILLAVICENCIO;4.130.386;-73.623.706;CARRERA 22 CALLE 8C
VALLE DEL CAUCA;CALI;34.628.735;-76.521.979;CALLE 25 CON AVENIDA 2
META;VILLAVICENCIO;4.147.472;-73.618.595;CALLE 35 CARRERA 18
VALLE DEL CAUCA;CALI;3.486.059;-764.956.798;CALLE 70 CON CARRERA 1
VALLE DEL CAUCA;CALI;34.108.353;-765.417.392;CALLE 9 CON CARRERA 50
META;VILLAVICENCIO;4.130.386;-73.623.706;CARRERA 22 CALLE 8C
ANTIOQUIA;MEDELLIN;621.286;-75.596.122;Avenida 80 por Calle 2A
MAGDALENA;CIENAGA;11.006.559;-74.255.791;RUTA 9007 KM 60 + 500
VALLE DEL CAUCA;CALI;34.628.735;-76.521.979;CALLE 25 CON AVENIDA 2
META;VILLAVICENCIO;4.147.472;-73.618.595;CALLE 35 CARRERA 18
VALLE DEL CAUCA;CALI;3.486.059;-764.956.798;CALLE 70 CON CARRERA 1
VALLE DEL CAUCA;CALI;34.108.353;-765.417.392;CALLE 9 CON CARRERA 50
META;VILLAVICENCIO;4.130.386;-73.623.706;CARRERA 22 CALLE 8C
ANTIOQUIA;MEDELLIN;621.286;-75.596.122;Avenida 80 por Calle 2A
META;VILLAVICENCIO;413.706;-73.621.715;CARRERA 19 CALLE 21
ANTIOQUIA;MEDELLIN;6.195.575;-75.566.031;Carrera 32 por Calle 5 Sur
ANTIOQUIA;MEDELLIN;6.196.922;-75.578.398;Carrera 48 por Calle 10 Sur
ANTIOQUIA;MEDELLIN;6.231.349;-75.574.606;Avenida Industriales por Calle 29
ANTIOQUIA;MEDELLIN;6.277.143;-755.700.086;Avenida del Rio por Calle 77
ANTIOQUIA;MEDELLIN;6.204.535;-75.587.162;Avenida Guayabal por Calle 6 Sur
ANTIOQUIA;MEDELLIN;6.271.337;-75.575.589;Carrera 65 por Calle 72
ANTIOQUIA;MEDELLIN;6.215.575;-75.586.398;Carrera 65 por Calle 8B
CALDAS;LA DORADA;5.443.276;-74.677.861;CARRERA 6 CON VIA LA VARIANTE
CALDAS;LA DORADA;5.460.329;-74.669.611;KILOMETRO 1 VIA LA DORADA - HONDA
Bogota D.C;Bogota D.C;45.954.996;-741.508.546;KR 62 A X AV AUTOPISTA SUR (CALE45 A SUR)
Bogota D.C;Bogota D.C;4.685.905;-74.051.928;AK 19 X AC 100
Bogota D.C;Bogota D.C;46.825.983;-740.432.527;AK 11 X AC 100
Bogota D.C;Bogota D.C;47.176.777;-740.323.417;AK 9 X CL 140
ANTIOQUIA;MEDELLIN;6.276.113;-75.570.313;Avenida del Rio por Calle 77
ANTIOQUIA;MEDELLIN;6.225.806;-75.591.565;Carrera 70 por Calle 25
Bogota D.C;Bogota D.C;4.615.899;-7.408.575;KR 27 X AC 19
ANTIOQUIA;MEDELLIN;6.210.951;-75.576.402;Carrera 48 por Calle 9
META;VILLAVICENCIO;41.464;-736.144.861;CALLE 35 CARRERA 14
Bogota D.C;Bogota D.C;4.572.552;-74.091.717;KR 6 X AV PRIMERO DE MAYO (CL 20 SUR)
META;VILLAVICENCIO;41.385.972;-736.356.388;AVENIDA 40 CARRERA 37
Bogota D.C;Bogota D.C;461.713;-7.415.281;AV PRIMERO DE MAYO X CL 40 sur
Bogota D.C;Bogota D.C;46.652.661;-740.467.716;AK 7 X CL 85
Bogota D.C;Bogota D.C;4.605.396;-74.084.276;KR 18 X CL 12
Bogota D.C;Bogota D.C;4.604.502;-7.407.024;KR 5 X AC 19
Bogota D.C;Bogota D.C;4.633.688;-74.075.742;AK 24 X AC 45
Bogota D.C;Bogota D.C;467.153;-7.404.369;KR 7 X AC 92
Bogota D.C;Bogota D.C;4.637.768;-7.409.742;KR 50 X AV ESPERANZA (AC 24)
Bogota D.C;Bogota D.C;4.603.148;-74.100.475;AV QUITO X AC 3
ANTIOQUIA;MEDELLIN;62.098;-755.682;Calle 10 por Carrera 40
ANTIOQUIA;MEDELLIN;62.514;-755.719;Calle 50 por Carrera 55
Bogota D.C;Bogota D.C;4.710.749;-74.071.543;AV SUBA X AC 127
Bogota D.C;Bogota D.C;470.846;-7.411.061;AV CALLE 80 CON CARRERA 98
Bogota D.C;Bogota D.C;4.688.698;-74.065.012;AV SUBA X AC 100
Bogota D.C;Bogota D.C;46.880.079;-740.739.951;AK 68 X CL 98
Bogota D.C;Bogota D.C;4.647.979;-74.059.831;AK 7 X CL 63
Bogota D.C;Bogota D.C;4.639.412;-74.062.918;AK 7 X AC 53
Bogota D.C;Bogota D.C;46.313.959;-740.642.157;AK 7 X CL 45
Bogota D.C;Bogota D.C;460.875;-74.075.999;AV CARACAS X AC 19
Bogota D.C;Bogota D.C;466.785;-7.405.147;AK 11 X CL 85
Bogota D.C;Bogota D.C;466.906;-740.634;AK 24 X AC 80
Bogota D.C;Bogota D.C;4.589.056;-74.109.026;KR 27 X AV PRIMERO DE MAYO
Bogota D.C;Bogota D.C;4.569.278;-74.085.525;KR 3 ESTE X AV PRIMERO DE MAYO (CL 20 SUR)
Bogota D.C;Bogota D.C;4.654.698;-74.055.475;AK 7 X AC 72
Bogota D.C;Bogota D.C;4.674.193;-74.041.944;AK 7 X CL 94
Bogota D.C;Bogota D.C;4.681.633;-74.041.466;KR 9 X AC 100
N. DE SANTANDER;CUCUTA;7.890.144;-72.498.783;AVENIDA 0? DIAGONAL SANTANDER (CLL 6)
VALLE DEL CAUCA;CALI;34.124.376;-765.152.203;CALLE 36 CON CARRERA 42B
META;VILLAVICENCIO;41.170.777;-736.471.611;CARRERA 48 CALLE 8 SUR
VALLE DEL CAUCA;CALI;34.756.242;-765.041.172;CALLE 52 CON CARRERA 1
VALLE DEL CAUCA;CALI;34.754.939;-76.487.327;CALLE 70 CON CARRERA 1D
VALLE DEL CAUCA;CALI;34.018.078;-76.524.469;CARRERA 56 CON CALLE 18A
ANTIOQUIA;MEDELLIN;62.291;-755.715;Calle 29 por Carrera 44
ANTIOQUIA;MEDELLIN;62.597;-755.827;Calle 55 por Carrera 67B
ANTIOQUIA;MEDELLIN;62.098;-755.709;Carrera 43 A por Calle 9
N. DE SANTANDER;LOS PATIOS;78.081.389;-725.174.694;AV 10 CALLE K53 este equipo funciona en sentidos NORTE - SUR
ANTIOQUIA;MEDELLIN;62.503;-755.727;Carrera 55 por Calle 49
ANTIOQUIA;MEDELLIN;62.029;-755.772;Avenida las Vegas por Calle 4 Sur
ANTIOQUIA;MEDELLIN;61.895;-755.608;Carrera 25 por Calle 9A Sur
ANTIOQUIA;MEDELLIN;62.389;-755.969;Calle 33 por Carrera 76
ANTIOQUIA;MEDELLIN;62.442;-756.067;Calle 35 por Carrera 84
N. DE SANTANDER;CUCUTA;7.887.145;-72.497.162;SIN DIRECCION
ANTIOQUIA;MEDELLIN;6.22;-7.557.676;Avenida Regional por Calle 18
ANTIOQUIA;MEDELLIN;62.614;-755.642;Carrera 51 por Calle 64
ANTIOQUIA;MEDELLIN;62.201;-755.802;Avenida Guayabal por Calle 17
ATLANTICO;BARRANQUILLA;1.101.211;-747.925;Via 40 # 73-290
ANTIOQUIA;MEDELLIN;61.977;-755.897;Carrera 52 por Calle 12 Sur
ANTIOQUIA;MEDELLIN;6.218.091;-75.575.764;Carrera 48 por Calle 16 A
ANTIOQUIA;MEDELLIN;62.125;-755.747;Calle 10 por Carrera 43F
ATLANTICO;BARRANQUILLA;1.099.322;-748.034;Calle 70 con carrera 46
ANTIOQUIA;MEDELLIN;62.222;-755.653;Carrera 38 por Calle 19
ATLANTICO;BARRANQUILLA;1.101.575;-7.482.514;Calle 98 # 56-162
ANTIOQUIA;MEDELLIN;62.097;-755.656;Calle 10 A por Carrera 36
ANTIOQUIA;MEDELLIN;62.159;-755.526;Carrera 22 por Calle 16
ANTIOQUIA;MEDELLIN;6.25;-755.971;Calle 44 por Carrera 78
ANTIOQUIA;MEDELLIN;62.561;-755.809;Calle 50 por Carrera 65
ANTIOQUIA;MEDELLIN;6.282.166;-75.572.512;Calle 89 por Carrera 65
N. DE SANTANDER;CUCUTA;789.434;-7.248.994;AV GRAN COLOMBIA CON GUAIMARAL
ANTIOQUIA;MEDELLIN;61.857;-75.57;Carrera 34 por Calle 16A Sur
ANTIOQUIA;MEDELLIN;62.446;-755.664;Carrera 45 por Calle 46
ANTIOQUIA;MEDELLIN;62.549;-75.563;Carrera 48 por Calle 58
ANTIOQUIA;MEDELLIN;6.290.308;-75.564.952;Avenida del Rio por Calle 94A
ANTIOQUIA;MEDELLIN;62.065;-755.861;Carrera 52 por Calle 2 Sur
ANTIOQUIA;MEDELLIN;6.269.738;-75.571.605;Avenida del Rio por Calle 72
ANTIOQUIA;MEDELLIN;6.274.592;-75.570.531;Avenida del Rio por Carrera 64A
ANTIOQUIA;MEDELLIN;6.226.302;-7.558.362;Carrera 65 por Calle 25
ANTIOQUIA;MEDELLIN;62.482;-755.833;Carrera 65 por Calle 44
SANTANDER;BARRANCABERMEJA;706.345;-73.843.795;Calle 39 Carrera 34c acceso Oriente.    Orientaci¢n: oriente-occidente
SANTANDER;BARRANCABERMEJA;706.345;-73.843.795;Calle 39 Carrera 34c acceso Oriente.    Orientaci¢n: oriente-occidente
SANTANDER;BARRANCABERMEJA;7.056.281;-73.850.689;Calle 45 Carrera 28 acceso occidente.   Orientaci¢n: occidente-oriente (Solo se va a supervisar e infraccionar en un solo sentido)
SANTANDER;BARRANCABERMEJA;7.075.011;-73.826.844;Transversal 48 Diagonal 60 acceso oriente.  Orientaci¢n: oriente-occidente
SANTANDER;BARRANCABERMEJA;7.063.147;-73.839.292;Carrera 36e Calle 54 (cl 39). Acceso norte (intersecci¢n).   Orientaci¢n: norte-sur (solo se va a supervisar e infraccionar en un solo sentido)
SANTANDER;BARRANCABERMEJA;70.561;-73.850.167;Carrera 28 calle 45 acceso sur.  Orientaci¢n: sur- norte. (olo se va a supervisar e infraccionar en un solo sentido)
SANTANDER;BARRANCABERMEJA;7.061.962;-73.850.114;Calle 52 Carrera 30 accesos oriente.   Orientaci¢n: Oriente-Occidente
ATLANTICO;CAMPO DE LA CRUZ;10.377.133;-7.486.939;V¡a Troncal del Occidente Ruta 2516 PR 14+000
CUNDINAMARCA;SIBATE;4.524.055;-74.242.203;VIA SOACHA SIBATE KM7
ATLANTICO;PALMAR DE VARELA;10.705.271;-74.750.647;V¡a Troncal de Occidente Ruta 2516 PR 54+000
SANTANDER;BARRANCABERMEJA;7.071.286;-73.844.066;diagonal 60 calle 63  acceso sur.     Orientaci¢n: sur-norte
SANTANDER;BARRANCABERMEJA;7.072.276;-73.843.598;Diagonal 60 Calle 63 Acceso norte.    Orientaci¢n norte-sur
SANTANDER;BARRANCABERMEJA;7.061.631;-73.854.111;Call 52 carrera 30 Acceso oriente.       Orientaci¢n: oriente occidente
ANTIOQUIA;BELLO;6.314.005;-75.562.133;Calle 24A Carrera 57A
SANTANDER;BARRANCABERMEJA;7.062.964;-73.838.958;Calle 54 (calle39) x Carrera 36e. acceso Oriente    Orientaci¢n: Oriente-Occidente (solo se va a supervisar e infraccionar en un solo sentido)
SANTANDER;BARRANCABERMEJA;7.062.217;-73.839.577;Carrera 36d Calle 39 acceso sur.     Orientaci¢n: Sur-norte (olo se va a supervisar e infraccionar en un solo sentido)
SANTANDER;BARRANCABERMEJA;7.056.758;-73.850.483;Carrera 28 Calle 45 acceso norte.   Orientaci¢n: norte-sur  (Solo se va a supervisar e infraccionar en un solo sentido)
ANTIOQUIA;BELLO;6.329.922;-75.550.549;Avenida 38 Pedro Nel Gomez Km2 +280 Sentido S-N
SANTANDER;BARRANCABERMEJA;7.062.703;-73.839.019;Calle 52A x calle 39 (calle 54). acceso oriental-sur.     Orientaci¢n oriente-occidente (Solo se va a supervisar e infraccionar en un solo sentido)
N. DE SANTANDER;CUCUTA;789.416;-7.249.027;Parque Sim¢n Bol¡var intersecci¢n Av. La Gran Colombia con Av. Guaimaral
CUNDINAMARCA;RICAURTE;4.239.328;-74.720.923;Via Bogota Girardot Km 14+600 Nilo
N. DE SANTANDER;LOS PATIOS;7.858.613;-725.008.388;AV 10 CALLE 51 COMFANORTE SENTIDO PAMPLONA - CUCUTA
SANTANDER;BARRANCABERMEJA;7.041.061;-7.383.988;Calle 33 carrera 52 acceso occidente.   Orientaci¢n: occidente-oriente
SANTANDER;BARRANCABERMEJA;7.059.478;-73.851.301;Calle 48 Carrera 28 acceso norte.    Orientaci¢n: norte- sur.
SANTANDER;BARRANCABERMEJA;7.069.186;-73.846.233;Diagonal 60 calle 61 acceso oriental.   Orientaci¢n: oriente-occidente
SANTANDER;BARRANCABERMEJA;7.061.369;-73.851.025;Diagonal 49 Carrera 30 Calle 52 acceso sur-occidental.   Orientaci¢n: sur norte
SANTANDER;BARRANCABERMEJA;7.061.647;-73.851.267;Calle 52 carrera 30 acceso occidente.     Orientaci¢n: Occidente Oriente
ATLANTICO;CAMPO DE LA CRUZ;10.407.569;-74.850.196;V¡a Troncal de Occidente Ruta 2516 PR 17+972
SANTANDER;BARRANCABERMEJA;7.060.883;-73.854.454;Calle 52 Carrera 24 acceso sur.     Orientaci¢n: sur - norte (Solo se va a supervisar e infraccionar en un solo sentido)
SANTANDER;BARRANCABERMEJA;7.068.936;-73.846.969;Calle 61 diagonal 60 acceso occidental.    Orientaci¢n: occidente-oriente
MAGDALENA;FUNDACION;104.996.667;-74.161.183;"RUTA 4518 TRONCAL DEL CARIBE ""RUTA DEL SOL 3"" PR-32 +500 (TOMA DE EVIDENCIAS ELECTRONICAS EN AMBOS SENTIDOS DE CIRCULACION)"
N. DE SANTANDER;CUCUTA;7.873.421;-72.500.829;Av. 1 con calle 24
ATLANTICO;PONEDERA;10.635.661;-74.758.829;V¡a Troncal del Occidente Ruta 2516 46+000
SANTANDER;BARRANCABERMEJA;7.040.311;-73.839.683;carrera 52 calle 33
HUILA;PALERMO;2.833.086;-75.329.864;RUTA 43HL02-1 PR 6 + 100
CUNDINAMARCA;RICAURTE;4.284.418;-74.772.343;CALLE 10 NO. 12 301 en el Municipio Ricaurte
SANTANDER;BARRANCABERMEJA;7.060.592;-73.862.372;Carrera 15 calle 50 acceso norte.   Orientaci¢n: norte-sur
N. DE SANTANDER;LOS PATIOS;78.034.528;-725.202.225;AV 10 URBANIZACION MONTEBELLO 2
SANTANDER;BARRANCABERMEJA;7.068.624;-73.855.471;Calle 60 carrera 21 acceso oriental.   Orientaci¢n: oriente-occidente
SANTANDER;BARRANCABERMEJA;7.059.378;-73.850.778;Calle 48 Carrera 28 acceso oriente.    Orientaci¢n: oriente-occidente
SANTANDER;BARRANCABERMEJA;7.063.811;-7.384.454;Calle 39 Carrera 34c acceso Occidental.    Orientaci¢n: Occidente-Oriente
SANTANDER;BARRANCABERMEJA;7.058.806;-73.850.961;Carrera 28 Calle 48 Acceso sur.   Orientaci¢n: sur-norte
ANTIOQUIA;MEDELLIN;6.289.662;-75.570.158;Carrera 65 por Calle 95
ANTIOQUIA;MEDELLIN;62.226;-755.919;Carrera 70 por Calle 19
ANTIOQUIA;MEDELLIN;6.253;-755.879;Carrera 70 por Calle 47D
ANTIOQUIA;MEDELLIN;6.231.114;-75.596.248;Carrera 76 por Calle 30
ANTIOQUIA;MEDELLIN;62.773;-755.894;Avenida 80 por Calle 76
ANTIOQUIA;MEDELLIN;62.387;-755.902;Diagonal 74B por Calle 32F
ATLANTICO;BARRANQUILLA;110.032;-7.481.055;Carrera 51B # 79-192
ANTIOQUIA;MEDELLIN;6.249.763;-7.558.005;Autopista Sur por Calle 44A
ANTIOQUIA;MEDELLIN;6.292.095;-75.568.481;Carrera 64C por Calle 97A
ANTIOQUIA;MEDELLIN;62.074;-755.892;Avenida 80 por Carrera 65
ANTIOQUIA;SABANETA;6.158.101;-75.609.045;AVENIDA LAS VEGAS CARRERA 48 CON CALLE 60 SUR (INTERSECCI¢N SENTIDO NORTE - SUR).
Bogota D.C;Bogota D.C;47.298;-7.406.864;AV BOYACA X AC 138
Bogota D.C;Bogota D.C;4.640.483;-74.066.464;AV CARACAS X CL 53
Bogota D.C;Bogota D.C;4.604.657;-74.095.158;KR 27 X AC 6
Bogota D.C;Bogota D.C;4.599.114;-74.078.412;KR 10 X CL 10
Bogota D.C;Bogota D.C;45.984.922;-741.069.537;AV QUITO X CL 8 SUR
Bogota D.C;Bogota D.C;45.971.725;-741.775.094;AUTOPISTA SUR X CL 59 SUR
META;VILLAVICENCIO;41.292.306;-736.383.528;AVENIDA 40 CALLE 10C
VALLE DEL CAUCA;CALI;3.407.457;-765.424.192;CARRERA 56 CON CALLE 9
ATLANTICO;BARRANQUILLA;1.097.935;-7.482.306;Calle 82B # 26C1 - 60 (casa esquina)
ATLANTICO;BARRANQUILLA;110.131;-7.483.406;Carrera 51B - Calle 102
ATLANTICO;BARRANQUILLA;109.402.005;-7.477.858;Calle 19 entre carreras 3D(Boulevard)
ATLANTICO;BARRANQUILLA;1.096.272;-7.483.793;Calle 110# 10 - 427
META;VILLAVICENCIO;4.147.472;-73.618.595;CALLE 35 CARRERA 18
ATLANTICO;BARRANQUILLA;1.098.943;-7.481.432;Calle 76 # 38C - 110
ATLANTICO;BARRANQUILLA;1.095.849;-7.480.349;Calle 56 # 14 - 24
ATLANTICO;BARRANQUILLA;1.092.959;-7.479.918;Calle 45 # 1Sur - 39
ATLANTICO;BARRANQUILLA;109.475;-7.481.622;Carrera 6 - Calle 72 / carrera 56 # 65-44
ATLANTICO;BARRANQUILLA;1.097.109;-74.823;Carrera 21 # 78-44
ATLANTICO;BARRANQUILLA;1.094.667;-7.478.458;Calle 30 # 4B-350
ATLANTICO;BARRANQUILLA;1.096.212;-7.479.308;Calle 45 # 21-39
ATLANTICO;BARRANQUILLA;1.096.134;-7.479.337;Calle 45 # 21 - 18
ATLANTICO;BARRANQUILLA;1.100.788;-7.483.351;Carrera 46 - calle 100 esquina
ATLANTICO;BARRANQUILLA;1.094.276;-7.478.356;Calle 30 # 5A-121 (Coltanques)
ATLANTICO;BARRANQUILLA;1.094.276;-7.478.356;Calle 30 # 5A-121 (Coltanques)
VALLE DEL CAUCA;YUMBO;3.554.974;-76.501.121;Calle 10 entre Carreras 20 y 21
ATLANTICO;BARRANQUILLA;1.095.356;-7.477.608;Carrera 15 # 18 - 102
ANTIOQUIA;ITAGUI;61.921.057;-755.925.978;CALLE 85 CARRERA 52D (SECTOR CHIMENEAS)
ATLANTICO;BARRANQUILLA;110.074;-7.481.254;Calle 82 con carrera 56
ATLANTICO;BARRANQUILLA;1.101.561;-7.482.071;Calle 94 # 57-57
SANTANDER;BARRANCABERMEJA;7.060.175;-73.861.997;Calle 50 carrera 15 acceso oriental.    Orientaci¢n: oriente-occidente
ANTIOQUIA;BELLO;6.313.999;-755.637.476;Calle 24A Carrera 58
SANTANDER;BARRANCABERMEJA;7.063.322;-73.844.415;Carrera 34c Calle 39 acceso sur.   Orientaci¢n Sur-norte
SANTANDER;BARRANCABERMEJA;7.071.898;-73.843.365;calle 63 diagonal 60 acceso oriente.  Orientaci¢n: oriente-occidente
SANTANDER;BARRANCABERMEJA;7.075.313;-73.827.449;Transversal 48 Diagonal 60 acceso occidente.  Orientaci¢n: occidente-oriente
SANTANDER;BARRANCABERMEJA;7.061.239;-73.854.894;Calle 53 carrera 24. acceso Occidente.   Orientaci¢n: Occidente oriente
SANTANDER;BARRANCABERMEJA;7.041.222;-73.839.386;carrera 52 calle 33 acceso norte.  Orientaci¢n: norte-sur
SANTANDER;BARRANCABERMEJA;7.068.317;-73.856.159;Calle 60 carrera 21 acceso occidente.       Orientaci¢n: occidente-oriente
SANTANDER;BARRANCABERMEJA;7.074.878;-73.827.381;Diagonal 60 Transversal 48 acceso sur.     Orientaci¢n: sur-norte
SANTANDER;BARRANCABERMEJA;7.062.244;-73.850.442;Calle 52 Carrera 30 Acceso Norte.         Orientaci¢n: norte-sur
SANTANDER;BARRANCABERMEJA;7.060.175;-73.861.997;Calle 50 carrera 15 acceso oriental.    Orientaci¢n: oriente-occidente
SANTANDER;BARRANCABERMEJA;7.061.938;-73.854.522;Calle 52 carrera 30 Acceso Norte.  Orientaci¢n: norte sur (Solo se va a supervisar e infraccionar en un solo sentido)
N. DE SANTANDER;CUCUTA;7.872.508;-72.501.116;Av. 1 con Calle 25
ATLANTICO;SOLEDAD;10.927.281;-74.787.766;SIN DIRECCION
N. DE SANTANDER;CUCUTA;78.893;-7.250.188;SIN DIRECCION
ATLANTICO;BARRANQUILLA;10.943.326;-74.830.563;SIN DIRECCION
SANTANDER;BARRANCABERMEJA;7.061.938;-73.854.522;Calle 52 carrera 30 Acceso Norte.  Orientaci¢n: norte sur (Solo se va a supervisar e infraccionar en un solo sentido)
N. DE SANTANDER;CUCUTA;7.872.508;-72.501.116;Av. 1 con Calle 25
ATLANTICO;PUERTO COLOMBIA;11.016.498;-74.845.503;Carrera 51B - Km 2
ANTIOQUIA;ITAGUI;617.242;-7.562.977;CALLE 36 CARRERA 65
ANTIOQUIA;SABANETA;6.156.162;-7.561.912;AVENIDA REGIONAL CON CALLE 67 SUR (TRAMO DE VÖA SENTIDO SUR - NORTE).
N. DE SANTANDER;LOS PATIOS;7.823.875;-725.133.388;AV 10 CALLE 12 SENTIDO CUCUTA - PAMPLONA
N. DE SANTANDER;CUCUTA;790.499;-7.251.833;AVENIDA 17 CON CALLE 4
ATLANTICO;BARRANQUILLA;1.100.457;-7.481.435;Calle 82 con carrera 51B
ANTIOQUIA;BELLO;6.327.839;-75.558.023;Carrera 50 Calle 40
ANTIOQUIA;ITAGUI;6.191.318;-75.592.445;Carrera 52 Calle 85
ATLANTICO;SOLEDAD;10.917.662;-74.774.931;Av. Calle 30 con Carrera 19 (Soledad)
ATLANTICO;BARRANQUILLA;1.096.257;-7.483.808;Calle 110# 10 - 427 (Norte-Sur)
VALLE DEL CAUCA;YUMBO;3.528.183;-76.514.517;Calle 10 frente al Colegio Liceo Franc‚s Paul Valery Sentido Norte -Sur.
ATLANTICO;MALAMBO;10.870.283;-7.477.136;Calle 10A con Carrera 17 (Malambo)
ATLANTICO;BARRANQUILLA;1.101.742;-7.483.438;Carrera 53 - Calle 106
SANTANDER;BARRANCABERMEJA;7.062.468;-73.840.031;Calle 39 carrera 36d. aceso occidental.   Orientaci¢n: Occidente Oriente (solo se va a supervisar e infraccionar en un solo sentido)
N. DE SANTANDER;CUCUTA;7.908.724;-72.517.832;AVENIDA 0 CON CALLE 1 (Atalaya)
ATLANTICO;BARRANQUILLA;1.095.749;-7.489.345;Via 11 # 8 - 21
ATLANTICO;BARRANQUILLA;1.096.959;-7.478.989;Calle 45 con carrera 27
ATLANTICO;BARRANQUILLA;1.095.467;-7.479.734;Calle 45B con carrera 14
ATLANTICO;BARRANQUILLA;1.099.261;-7.480.666;Calle 72 con carrera 44
ATLANTICO;BARRANQUILLA;1.098.771;-7.478.975;Calle 53 con carrera 45
ATLANTICO;BARRANQUILLA;1.100.938;-7.481.841;Carrera 53 entre calles 86 y 87
ATLANTICO;BARRANQUILLA;1.094.252;-747.777;Calle 19 entre carreras 4C y 5A (Cancha)
ATLANTICO;BARRANQUILLA;1.097.871;-7.483.624;Calle 110#29-120 (centro industrial)
ATLANTICO;BARRANQUILLA;1.098.087;-748.004;Calle 61 entre carreras 34 y 35
ATLANTICO;BARRANQUILLA;1.095.749;-7.489.345;Via 11 # 8 - 21
ATLANTICO;MALAMBO;10.870.283;-7.477.136;Calle 10A con Carrera 17 (Malambo)
ATLANTICO;BARRANQUILLA;1.101.742;-7.483.438;Carrera 53 - Calle 106
SANTANDER;BARRANCABERMEJA;7.062.468;-73.840.031;Calle 39 carrera 36d. aceso occidental.   Orientaci¢n: Occidente Oriente (solo se va a supervisar e infraccionar en un solo sentido)
N. DE SANTANDER;CUCUTA;7.908.724;-72.517.832;AVENIDA 0 CON CALLE 1 (Atalaya)
ATLANTICO;BARRANQUILLA;1.096.959;-7.478.989;Calle 45 con carrera 27
ATLANTICO;BARRANQUILLA;1.095.467;-7.479.734;Calle 45B con carrera 14
ATLANTICO;BARRANQUILLA;1.099.261;-7.480.666;Calle 72 con carrera 44
ATLANTICO;BARRANQUILLA;1.098.771;-7.478.975;Calle 53 con carrera 45
ATLANTICO;BARRANQUILLA;1.100.938;-7.481.841;Carrera 53 entre calles 86 y 87
ATLANTICO;BARRANQUILLA;1.094.252;-747.777;Calle 19 entre carreras 4C y 5A (Cancha)
ATLANTICO;BARRANQUILLA;1.097.871;-7.483.624;Calle 110#29-120 (centro industrial)
N. DE SANTANDER;CUCUTA;789.008;-7.250.387;AVENIDA 4 CALLE 7
ANTIOQUIA;SABANETA;6.157.511;-75.609.599;AVENIDA LAS VEGAS CARRERA 48 CON CALLE 60 SUR (INTERSECCI¢N SENTIDO SUR - NORTE).
ANTIOQUIA;BELLO;6.313.999;-755.637.476;Calle 24A Carrera 58
SANTANDER;BARRANCABERMEJA;7.063.322;-73.844.415;Carrera 34c Calle 39 acceso sur.   Orientaci¢n Sur-norte
SANTANDER;BARRANCABERMEJA;7.071.898;-73.843.365;calle 63 diagonal 60 acceso oriente.  Orientaci¢n: oriente-occidente
SANTANDER;BARRANCABERMEJA;7.075.313;-73.827.449;Transversal 48 Diagonal 60 acceso occidente.  Orientaci¢n: occidente-oriente
